symbol,action_type,ex_date,details,record_date
NTPC,DIVIDEND,2025-11-18,Rs 6.36 per share,2025-11-19
RELIANCE,DIVIDEND,2025-11-18,Rs 48.45 per share,2025-11-19
SBIN,DIVIDEND,2025-11-20,Rs 5.86 per share,2025-11-21
HINDUNILVR,DIVIDEND,2025-11-21,Rs 23.1 per share,2025-11-22
KOTAKBANK,DIVIDEND,2025-12-01,Rs 20.3 per share,2025-12-02
MARUTI,DIVIDEND,2025-12-09,Rs 112.14 per share,2025-12-10
SBIN,DIVIDEND,2025-12-19,Rs 15.42 per share,2025-12-20
LT,DIVIDEND,2026-01-06,Rs 69.42 per share,2026-01-07
ONGC,DIVIDEND,2026-01-06,Rs 4.4 per share,2026-01-07
WIPRO,DIVIDEND,2026-02-25,Rs 6.0 per share,2026-02-26
KOTAKBANK,DIVIDEND,2026-03-06,Rs 7.93 per share,2026-03-07
ASIANPAINT,DIVIDEND,2026-03-17,Rs 22.32 per share,2026-03-18
INFY,DIVIDEND,2026-04-08,Rs 13.01 per share,2026-04-09
AXISBANK,DIVIDEND,2026-04-09,Rs 19.26 per share,2026-04-10
TITAN,DIVIDEND,2026-04-17,Rs 53.2 per share,2026-04-18
TITAN,DIVIDEND,2026-04-24,Rs 32.78 per share,2026-04-25
ICICIBANK,DIVIDEND,2026-05-05,Rs 18.18 per share,2026-05-06
HINDUNILVR,DIVIDEND,2026-05-27,Rs 44.85 per share,2026-05-28
SUNPHARMA,DIVIDEND,2026-05-29,Rs 32.33 per share,2026-05-30
BHARTIARTL,DIVIDEND,2026-06-22,Rs 17.85 per share,2026-06-23
ITC,DIVIDEND,2026-07-13,Rs 2.81 per share,2026-07-14
MARUTI,DIVIDEND,2026-07-22,Rs 211.52 per share,2026-07-23
INFY,DIVIDEND,2026-07-24,Rs 28.23 per share,2026-07-25
TATAMOTORS,DIVIDEND,2026-08-03,Rs 4.3 per share,2026-08-04
RELIANCE,DIVIDEND,2026-08-19,Rs 57.03 per share,2026-08-20
NTPC,DIVIDEND,2026-08-27,Rs 4.82 per share,2026-08-28
TCS,DIVIDEND,2026-09-04,Rs 45.96 per share,2026-09-05
HDFCBANK,DIVIDEND,2026-09-24,Rs 21.92 per share,2026-09-25
KOTAKBANK,SPLIT,2026-10-18,1:5 (FV 10 -> 2),2026-10-19
INFY,SPLIT,2026-10-27,1:5 (FV 10 -> 2),2026-10-28
ICICIBANK,SPLIT,2026-10-29,1:5 (FV 10 -> 2),2026-10-30
HINDUNILVR,BONUS,2026-11-06,1:1,2026-11-07
MARUTI,BONUS,2026-11-27,1:1,2026-11-28
TITAN,BONUS,2026-12-07,1:1,2026-12-08
LT,SPLIT,2026-12-24,1:5 (FV 10 -> 2),2026-12-25
AXISBANK,BONUS,2027-01-01,1:1,2027-01-02
ONGC,SPLIT,2027-01-20,1:5 (FV 10 -> 2),2027-01-21
