symbol,ex_date,dividend_per_share,record_date,payment_date
ASIANPAINT,2026-03-17,22.32,2026-03-18,2026-04-16
AXISBANK,2026-04-09,19.26,2026-04-10,2026-05-09
BHARTIARTL,2026-06-22,17.85,2026-06-23,2026-07-22
HDFCBANK,2026-09-24,21.92,2026-09-25,2026-10-24
HINDUNILVR,2025-11-21,23.1,2025-11-22,2025-12-21
HINDUNILVR,2026-05-27,44.85,2026-05-28,2026-06-26
ICICIBANK,2026-05-05,18.18,2026-05-06,2026-06-04
INFY,2026-04-08,13.01,2026-04-09,2026-05-08
INFY,2026-07-24,28.23,2026-07-25,2026-08-23
ITC,2026-07-13,2.81,2026-07-14,2026-08-12
KOTAKBANK,2025-12-01,20.3,2025-12-02,2025-12-31
KOTAKBANK,2026-03-06,7.93,2026-03-07,2026-04-05
LT,2026-01-06,69.42,2026-01-07,2026-02-05
MARUTI,2025-12-09,112.14,2025-12-10,2026-01-08
MARUTI,2026-07-22,211.52,2026-07-23,2026-08-21
NTPC,2025-11-18,6.36,2025-11-19,2025-12-18
NTPC,2026-08-27,4.82,2026-08-28,2026-09-26
ONGC,2026-01-06,4.4,2026-01-07,2026-02-05
RELIANCE,2025-11-18,48.45,2025-11-19,2025-12-18
RELIANCE,2026-08-19,57.03,2026-08-20,2026-09-18
SBIN,2025-11-20,5.86,2025-11-21,2025-12-20
SBIN,2025-12-19,15.42,2025-12-20,2026-01-18
SUNPHARMA,2026-05-29,32.33,2026-05-30,2026-06-28
TATAMOTORS,2026-08-03,4.3,2026-08-04,2026-09-02
TCS,2026-09-04,45.96,2026-09-05,2026-10-04
TITAN,2026-04-17,53.2,2026-04-18,2026-05-17
TITAN,2026-04-24,32.78,2026-04-25,2026-05-24
WIPRO,2026-02-25,6.0,2026-02-26,2026-03-27
