index_name,date,open,high,low,close,volume
NIFTY 50,2025-10-21,22061.38,22149.63,21912.0,22000.0,0
NIFTY 50,2025-10-22,21949.6,22156.5,21861.8,22068.22,0
NIFTY 50,2025-10-23,22057.62,22260.83,21969.39,22172.14,0
NIFTY 50,2025-10-24,22197.31,22286.09,22046.49,22135.03,0
NIFTY 50,2025-10-27,22155.95,22244.57,21944.75,22032.88,0
NIFTY 50,2025-10-28,22008.52,22169.96,21920.49,22081.63,0
NIFTY 50,2025-10-29,22096.47,22184.86,21693.96,21781.09,0
NIFTY 50,2025-10-30,21732.97,21819.9,21454.75,21540.91,0
NIFTY 50,2025-10-31,21575.29,21661.59,21244.14,21329.46,0
NIFTY 50,2025-11-03,21323.86,21409.16,21059.44,21144.01,0
NIFTY 50,2025-11-04,21184.4,21367.34,21099.66,21282.21,0
NIFTY 50,2025-11-05,21305.79,21391.02,21045.57,21130.09,0
NIFTY 50,2025-11-06,21209.83,21294.67,21026.32,21110.76,0
NIFTY 50,2025-11-07,21110.35,21311.24,21025.91,21226.33,0
NIFTY 50,2025-11-10,21262.53,21347.58,21099.15,21183.88,0
NIFTY 50,2025-11-11,21227.64,21377.4,21142.73,21292.24,0
NIFTY 50,2025-11-12,21310.01,21395.25,21069.28,21153.9,0
NIFTY 50,2025-11-13,21128.5,21213.02,21000.96,21085.3,0
NIFTY 50,2025-11-14,21044.14,21128.31,20905.52,20989.48,0
NIFTY 50,2025-11-17,20940.86,21024.62,20846.92,20930.64,0
NIFTY 50,2025-11-18,20997.38,21134.59,20913.39,21050.39,0
NIFTY 50,2025-11-19,21021.78,21105.87,20676.39,20759.42,0
NIFTY 50,2025-11-20,20740.64,20937.62,20657.68,20854.21,0
NIFTY 50,2025-11-21,20871.22,20997.8,20787.74,20914.14,0
NIFTY 50,2025-11-24,20943.67,21027.45,20797.63,20881.15,0
NIFTY 50,2025-11-25,20891.92,20975.49,20581.78,20664.43,0
NIFTY 50,2025-11-26,20675.48,20796.88,20592.78,20714.03,0
NIFTY 50,2025-11-27,20747.19,20830.18,20523.43,20605.85,0
NIFTY 50,2025-11-28,20644.66,20727.24,20557.48,20640.04,0
NIFTY 50,2025-12-01,20625.82,20742.92,20543.32,20660.28,0
NIFTY 50,2025-12-02,20628.44,21015.98,20545.93,20932.25,0
NIFTY 50,2025-12-03,20962.81,21046.66,20755.48,20838.84,0
NIFTY 50,2025-12-04,20844.99,20928.37,20590.84,20673.53,0
NIFTY 50,2025-12-05,20687.41,20856.01,20604.66,20772.92,0
NIFTY 50,2025-12-08,20742.14,20920.07,20659.17,20836.72,0
NIFTY 50,2025-12-09,20885.68,21192.48,20802.14,21108.05,0
NIFTY 50,2025-12-10,21110.4,21361.65,21025.95,21276.55,0
NIFTY 50,2025-12-11,21311.99,21451.65,21226.75,21366.18,0
NIFTY 50,2025-12-12,21386.42,21700.38,21300.88,21613.93,0
NIFTY 50,2025-12-15,21555.95,21642.17,21334.27,21419.95,0
NIFTY 50,2025-12-16,21413.0,21498.66,21253.95,21339.3,0
NIFTY 50,2025-12-17,21328.54,21413.85,21152.98,21237.93,0
NIFTY 50,2025-12-18,21217.39,21302.26,21101.49,21186.24,0
NIFTY 50,2025-12-19,21117.9,21202.37,20885.15,20969.02,0
NIFTY 50,2025-12-22,21030.9,21156.36,20946.78,21072.07,0
NIFTY 50,2025-12-23,21099.14,21183.54,20986.1,21070.38,0
NIFTY 50,2025-12-24,21069.26,21153.54,20704.63,20787.78,0
NIFTY 50,2025-12-25,20748.26,20831.26,20570.93,20653.55,0
NIFTY 50,2025-12-26,20609.96,20735.77,20527.52,20653.16,0
NIFTY 50,2025-12-29,20642.98,20904.6,20560.41,20821.32,0
NIFTY 50,2025-12-30,20826.31,21162.04,20743.0,21077.73,0
NIFTY 50,2025-12-31,20996.56,21540.83,20912.58,21455.01,0
NIFTY 50,2026-01-01,21496.44,21582.42,21409.59,21495.57,0
NIFTY 50,2026-01-02,21509.1,21595.14,21163.56,21248.56,0
NIFTY 50,2026-01-05,21219.06,21303.94,20777.21,20860.66,0
NIFTY 50,2026-01-06,20895.94,21024.33,20812.36,20940.57,0
NIFTY 50,2026-01-07,20965.9,21049.76,20729.76,20813.02,0
NIFTY 50,2026-01-08,20872.4,20955.89,20637.03,20719.91,0
NIFTY 50,2026-01-09,20695.21,20778.0,20584.43,20667.1,0
NIFTY 50,2026-01-12,20672.54,20755.23,20530.47,20612.92,0
NIFTY 50,2026-01-13,20650.21,20857.81,20567.61,20774.71,0
NIFTY 50,2026-01-14,20811.54,20959.73,20728.29,20876.23,0
NIFTY 50,2026-01-15,20917.98,21001.65,20751.84,20835.19,0
NIFTY 50,2026-01-16,20799.47,20882.67,20569.42,20652.03,0
NIFTY 50,2026-01-19,20742.74,20825.71,20273.37,20354.79,0
NIFTY 50,2026-01-20,20338.15,20419.51,20242.89,20324.19,0
NIFTY 50,2026-01-21,20252.09,20402.67,20171.08,20321.38,0
NIFTY 50,2026-01-22,20296.17,20700.58,20214.99,20618.11,0
NIFTY 50,2026-01-23,20591.24,20723.87,20508.87,20641.31,0
NIFTY 50,2026-01-26,20600.96,20812.48,20518.56,20729.57,0
NIFTY 50,2026-01-27,20831.73,20915.05,20576.14,20658.78,0
NIFTY 50,2026-01-28,20617.32,20699.79,20276.37,20357.8,0
NIFTY 50,2026-01-29,20355.21,20436.63,19998.52,20078.83,0
NIFTY 50,2026-01-30,20044.83,20125.01,19920.27,20000.27,0
NIFTY 50,2026-02-02,20020.83,20479.63,19940.75,20398.03,0
NIFTY 50,2026-02-03,20369.85,20451.33,20163.24,20244.21,0
NIFTY 50,2026-02-04,20175.11,20520.01,20094.41,20438.26,0
NIFTY 50,2026-02-05,20420.08,20501.76,20189.05,20270.13,0
NIFTY 50,2026-02-06,20303.32,20544.38,20222.11,20462.53,0
NIFTY 50,2026-02-09,20475.6,20557.5,20360.01,20441.78,0
NIFTY 50,2026-02-10,20459.27,20541.11,20350.42,20432.14,0
NIFTY 50,2026-02-11,20371.71,20529.54,20290.22,20447.75,0
NIFTY 50,2026-02-12,20470.14,20552.03,20250.77,20332.1,0
NIFTY 50,2026-02-13,20341.81,20455.48,20260.44,20373.99,0
NIFTY 50,2026-02-16,20395.46,20477.04,20234.54,20315.8,0
NIFTY 50,2026-02-17,20319.55,20400.83,20067.11,20147.7,0
NIFTY 50,2026-02-18,20141.44,20222.0,19892.7,19972.59,0
NIFTY 50,2026-02-19,19980.65,20060.57,19875.15,19954.97,0
NIFTY 50,2026-02-20,19891.48,20287.5,19811.92,20206.67,0
NIFTY 50,2026-02-23,20244.28,20325.26,20132.24,20213.09,0
NIFTY 50,2026-02-24,20241.72,20322.69,20108.26,20189.02,0
NIFTY 50,2026-02-25,20199.47,20283.86,20118.67,20203.04,0
NIFTY 50,2026-02-26,20214.08,20484.21,20133.23,20402.6,0
NIFTY 50,2026-02-27,20426.89,20534.86,20345.19,20453.05,0
NIFTY 50,2026-03-02,20476.52,20558.43,20246.77,20328.08,0
NIFTY 50,2026-03-03,20281.57,20544.93,20200.45,20463.08,0
NIFTY 50,2026-03-04,20538.14,20620.29,20378.59,20460.43,0
NIFTY 50,2026-03-05,20489.92,20807.71,20407.96,20724.81,0
NIFTY 50,2026-03-06,20779.78,20862.9,20609.21,20691.98,0
NIFTY 50,2026-03-09,20701.11,20783.92,20498.12,20580.44,0
NIFTY 50,2026-03-10,20590.18,20672.54,20326.58,20408.22,0
NIFTY 50,2026-03-11,20398.45,20830.77,20316.85,20747.77,0
NIFTY 50,2026-03-12,20776.1,21171.42,20693.0,21087.07,0
NIFTY 50,2026-03-13,21057.92,21142.15,20960.53,21044.71,0
NIFTY 50,2026-03-16,21031.64,21115.76,20926.78,21010.82,0
NIFTY 50,2026-03-17,21074.09,21359.2,20989.8,21274.1,0
NIFTY 50,2026-03-18,21229.67,21314.59,20985.33,21069.61,0
NIFTY 50,2026-03-19,21080.88,21165.2,20877.21,20961.05,0
NIFTY 50,2026-03-20,20920.72,21076.65,20837.04,20992.68,0
NIFTY 50,2026-03-23,20940.04,21057.03,20856.28,20973.13,0
NIFTY 50,2026-03-24,20960.7,21044.54,20867.16,20950.96,0
NIFTY 50,2026-03-25,20983.26,21067.19,20862.55,20946.34,0
NIFTY 50,2026-03-26,20864.24,21100.1,20780.78,21016.04,0
NIFTY 50,2026-03-27,21051.7,21237.92,20967.5,21153.3,0
NIFTY 50,2026-03-30,21214.47,21299.33,21111.04,21195.83,0
NIFTY 50,2026-03-31,21130.16,21437.72,21045.64,21352.31,0
NIFTY 50,2026-04-01,21389.67,21475.23,21020.39,21104.81,0
NIFTY 50,2026-04-02,21141.59,21255.93,21057.02,21171.24,0
NIFTY 50,2026-04-03,21264.17,21349.22,20979.89,21064.15,0
NIFTY 50,2026-04-06,21011.1,21095.14,20908.35,20992.32,0
NIFTY 50,2026-04-07,20960.83,21044.67,20670.4,20753.42,0
NIFTY 50,2026-04-08,20717.48,20822.29,20634.61,20739.33,0
NIFTY 50,2026-04-09,20729.81,20908.13,20646.9,20824.83,0
NIFTY 50,2026-04-10,20761.25,20844.3,20524.9,20607.33,0
NIFTY 50,2026-04-13,20650.48,20733.08,20472.83,20555.05,0
NIFTY 50,2026-04-14,20560.61,20642.85,20407.75,20489.71,0
NIFTY 50,2026-04-15,20431.49,20598.72,20349.77,20516.66,0
NIFTY 50,2026-04-16,20547.66,20800.34,20465.47,20717.47,0
NIFTY 50,2026-04-17,20782.97,20924.44,20699.84,20841.08,0
NIFTY 50,2026-04-20,20836.9,21137.37,20753.55,21053.16,0
NIFTY 50,2026-04-21,21070.5,21154.78,20939.17,21023.26,0
NIFTY 50,2026-04-22,20998.31,21082.31,20817.32,20900.92,0
NIFTY 50,2026-04-23,20879.93,20963.45,20729.51,20812.77,0
NIFTY 50,2026-04-24,20838.54,20961.97,20755.18,20878.46,0
NIFTY 50,2026-04-27,20878.62,21069.86,20795.11,20985.92,0
NIFTY 50,2026-04-28,20957.75,21041.58,20746.06,20829.38,0
NIFTY 50,2026-04-29,20776.11,20922.07,20693.0,20838.72,0
NIFTY 50,2026-04-30,20879.64,21015.19,20796.12,20931.47,0
NIFTY 50,2026-05-01,20966.91,21441.48,20883.04,21356.06,0
NIFTY 50,2026-05-04,21382.89,21771.45,21297.36,21684.71,0
NIFTY 50,2026-05-05,21766.21,21853.28,21637.82,21724.72,0
NIFTY 50,2026-05-06,21778.12,21865.23,21683.79,21770.87,0
NIFTY 50,2026-05-07,21719.71,21806.58,21509.09,21595.48,0
NIFTY 50,2026-05-08,21593.38,21679.76,21496.12,21582.45,0
NIFTY 50,2026-05-11,21589.35,21731.56,21503.0,21644.98,0
NIFTY 50,2026-05-12,21522.48,21947.18,21436.39,21859.74,0
NIFTY 50,2026-05-13,21789.83,21876.99,21596.52,21683.25,0
NIFTY 50,2026-05-14,21634.92,21753.6,21548.38,21666.93,0
NIFTY 50,2026-05-15,21692.53,21779.3,21175.47,21260.51,0
NIFTY 50,2026-05-18,21286.66,21371.81,21125.85,21210.7,0
NIFTY 50,2026-05-19,21210.16,21295.0,20993.09,21077.4,0
NIFTY 50,2026-05-20,21162.14,21246.79,20995.71,21080.03,0
NIFTY 50,2026-05-21,21083.17,21167.51,20911.55,20995.54,0
NIFTY 50,2026-05-22,21039.43,21123.58,20896.31,20980.23,0
NIFTY 50,2026-05-25,20975.12,21059.02,20685.65,20768.72,0
NIFTY 50,2026-05-26,20760.0,20843.04,20436.84,20518.92,0
NIFTY 50,2026-05-27,20523.9,21043.56,20441.81,20959.72,0
NIFTY 50,2026-05-28,20993.19,21077.16,20690.9,20773.99,0
NIFTY 50,2026-05-29,20822.16,20905.45,20525.16,20607.59,0
NIFTY 50,2026-06-01,20566.06,20975.14,20483.8,20891.58,0
NIFTY 50,2026-06-02,20884.66,21451.3,20801.12,21365.84,0
NIFTY 50,2026-06-03,21326.89,21412.2,21173.24,21258.28,0
NIFTY 50,2026-06-04,21252.87,21337.88,21108.52,21193.29,0
NIFTY 50,2026-06-05,21276.13,21361.24,21045.04,21129.55,0
NIFTY 50,2026-06-08,21155.81,21479.93,21071.18,21394.35,0
NIFTY 50,2026-06-09,21415.59,21501.25,21086.56,21171.25,0
NIFTY 50,2026-06-10,21240.16,21325.12,21016.43,21100.83,0
NIFTY 50,2026-06-11,21055.65,21329.75,20971.43,21244.77,0
NIFTY 50,2026-06-12,21280.17,21393.47,21195.05,21308.23,0
NIFTY 50,2026-06-15,21296.67,21384.89,21211.48,21299.69,0
NIFTY 50,2026-06-16,21255.66,21340.69,21162.85,21247.84,0
NIFTY 50,2026-06-17,21230.87,21315.8,20853.09,20936.84,0
NIFTY 50,2026-06-18,20946.99,21030.78,20795.85,20879.37,0
NIFTY 50,2026-06-19,20872.95,20956.45,20751.53,20834.87,0
NIFTY 50,2026-06-22,20833.05,21061.21,20749.72,20977.3,0
NIFTY 50,2026-06-23,20925.42,21013.05,20841.72,20929.34,0
NIFTY 50,2026-06-24,21018.13,21102.2,20876.25,20960.09,0
NIFTY 50,2026-06-25,21010.0,21307.74,20925.96,21222.85,0
NIFTY 50,2026-06-26,21224.04,21308.93,21061.9,21146.48,0
NIFTY 50,2026-06-29,21210.44,21295.29,21108.06,21192.83,0
NIFTY 50,2026-06-30,21210.43,21392.63,21125.59,21307.4,0
NIFTY 50,2026-07-01,21292.7,21479.46,21207.53,21393.89,0
NIFTY 50,2026-07-02,21370.33,21455.81,21129.42,21214.27,0
NIFTY 50,2026-07-03,21214.13,21423.04,21129.27,21337.69,0
NIFTY 50,2026-07-06,21329.41,21426.17,21244.09,21340.81,0
NIFTY 50,2026-07-07,21352.98,21877.52,21267.57,21790.35,0
NIFTY 50,2026-07-08,21759.69,22183.01,21672.65,22094.63,0
NIFTY 50,2026-07-09,22129.32,22217.83,22023.22,22111.67,0
NIFTY 50,2026-07-10,22118.87,22207.35,21852.83,21940.6,0
NIFTY 50,2026-07-13,21952.46,22040.27,21649.81,21736.76,0
NIFTY 50,2026-07-14,21653.79,22096.76,21567.18,22008.73,0
NIFTY 50,2026-07-15,22016.15,22104.21,21906.91,21994.89,0
NIFTY 50,2026-07-16,21917.13,22132.25,21829.46,22044.08,0
NIFTY 50,2026-07-17,22017.66,22105.73,21659.95,21746.94,0
NIFTY 50,2026-07-20,21724.76,21936.6,21637.86,21849.2,0
NIFTY 50,2026-07-21,21778.58,21930.86,21691.46,21843.49,0
NIFTY 50,2026-07-22,21826.28,21913.58,21522.13,21608.56,0
NIFTY 50,2026-07-23,21534.55,21620.68,21444.26,21530.38,0
NIFTY 50,2026-07-24,21520.99,21607.07,21418.03,21504.05,0
NIFTY 50,2026-07-27,21479.97,21565.89,21393.48,21479.4,0
NIFTY 50,2026-07-28,21526.41,21612.52,21325.9,21411.55,0
NIFTY 50,2026-07-29,21413.67,21499.33,21321.6,21407.23,0
NIFTY 50,2026-07-30,21431.77,21517.5,21271.42,21356.85,0
NIFTY 50,2026-07-31,21326.41,21529.62,21241.1,21443.85,0
NIFTY 50,2026-08-03,21404.47,21772.71,21318.86,21685.97,0
NIFTY 50,2026-08-04,21623.38,21709.87,21095.66,21180.38,0
NIFTY 50,2026-08-05,21137.08,21241.99,21052.53,21157.36,0
NIFTY 50,2026-08-06,21183.72,21314.93,21098.98,21230.01,0
NIFTY 50,2026-08-07,21209.56,21385.84,21124.72,21300.64,0
NIFTY 50,2026-08-10,21337.2,21422.55,21151.34,21236.29,0
NIFTY 50,2026-08-11,21193.12,21277.89,20823.57,20907.19,0
NIFTY 50,2026-08-12,20787.37,21047.17,20704.22,20963.32,0
NIFTY 50,2026-08-13,20987.44,21404.58,20903.49,21319.31,0
NIFTY 50,2026-08-14,21283.57,21368.7,20960.88,21045.06,0
NIFTY 50,2026-08-17,21067.9,21363.93,20983.63,21278.81,0
NIFTY 50,2026-08-18,21223.68,21319.76,21138.79,21234.82,0
NIFTY 50,2026-08-19,21264.55,21349.61,21104.46,21189.21,0
NIFTY 50,2026-08-20,21123.0,21207.49,20900.58,20984.52,0
NIFTY 50,2026-08-21,20966.11,21049.97,20878.15,20962.0,0
NIFTY 50,2026-08-24,20877.11,21308.4,20793.6,21223.51,0
NIFTY 50,2026-08-25,21252.29,21367.86,21167.28,21282.73,0
NIFTY 50,2026-08-26,21220.27,21646.16,21135.39,21559.92,0
NIFTY 50,2026-08-27,21550.07,21897.66,21463.87,21810.42,0
NIFTY 50,2026-08-28,21874.61,21962.11,21782.72,21870.21,0
NIFTY 50,2026-08-31,21807.18,22352.6,21719.95,22263.54,0
NIFTY 50,2026-09-01,22281.41,22417.4,22192.28,22328.08,0
NIFTY 50,2026-09-02,22328.29,22625.76,22238.98,22535.62,0
NIFTY 50,2026-09-03,22554.48,22644.7,22458.24,22548.44,0
NIFTY 50,2026-09-04,22529.98,22687.61,22439.86,22597.22,0
NIFTY 50,2026-09-07,22593.92,22690.06,22503.54,22599.67,0
NIFTY 50,2026-09-08,22566.55,22929.96,22476.29,22838.61,0
NIFTY 50,2026-09-09,22861.51,22952.95,22649.63,22740.59,0
NIFTY 50,2026-09-10,22745.12,22957.36,22654.14,22865.9,0
NIFTY 50,2026-09-11,22909.75,23022.75,22818.11,22931.03,0
NIFTY 50,2026-09-14,22861.21,23308.45,22769.77,23215.59,0
NIFTY 50,2026-09-15,23221.94,23431.06,23129.05,23337.71,0
NIFTY 50,2026-09-16,23343.17,23772.08,23249.8,23677.38,0
NIFTY 50,2026-09-17,23636.64,23874.73,23542.09,23779.61,0
NIFTY 50,2026-09-18,23797.06,23892.25,23421.81,23515.88,0
NIFTY 50,2026-09-21,23536.73,23630.87,23386.06,23479.98,0
NIFTY 50,2026-09-22,23443.57,23537.35,23189.75,23282.89,0
NIFTY 50,2026-09-23,23296.09,23389.27,23093.27,23186.02,0
NIFTY 50,2026-09-24,23131.04,23589.25,23038.51,23495.27,0
NIFTY 50,2026-09-25,23524.19,23741.43,23430.09,23646.84,0
NIFTY 50,2026-09-28,23661.79,23756.44,23501.57,23595.95,0
NIFTY 50,2026-09-29,23665.99,23760.65,23322.29,23415.95,0
NIFTY 50,2026-09-30,23452.12,23629.88,23358.31,23535.73,0
NIFTY 50,2026-10-01,23646.51,23741.09,23242.28,23335.62,0
NIFTY 50,2026-10-02,23369.74,23463.22,23164.63,23257.66,0
NIFTY 50,2026-10-05,23256.61,23467.21,23163.59,23373.72,0
SENSEX,2025-10-21,71906.67,72288.0,71619.04,72000.0,0
SENSEX,2025-10-22,71944.78,72512.17,71657.0,72223.28,0
SENSEX,2025-10-23,72468.97,72853.63,72179.09,72563.37,0
SENSEX,2025-10-24,72677.34,72968.05,72152.15,72441.92,0
SENSEX,2025-10-27,72224.06,72512.96,71819.19,72107.62,0
SENSEX,2025-10-28,72385.45,72674.99,71978.09,72267.16,0
SENSEX,2025-10-29,72480.16,72770.08,70998.42,71283.56,0
SENSEX,2025-10-30,71162.73,71447.38,70215.55,70497.54,0
SENSEX,2025-10-31,70395.58,70677.16,69526.28,69805.5,0
SENSEX,2025-11-03,69825.07,70104.37,68921.79,69198.59,0
SENSEX,2025-11-04,69221.44,69929.48,68944.56,69650.87,0
SENSEX,2025-11-05,69869.88,70149.36,68876.42,69153.03,0
SENSEX,2025-11-06,69277.54,69554.65,68813.41,69089.77,0
SENSEX,2025-11-07,69089.49,69745.87,68813.14,69468.0,0
SENSEX,2025-11-10,69403.43,69681.05,69051.75,69329.07,0
SENSEX,2025-11-11,68998.55,69962.42,68722.56,69683.68,0
SENSEX,2025-11-12,69574.19,69852.48,68954.02,69230.95,0
SENSEX,2025-11-13,69374.86,69652.36,68730.4,69006.43,0
SENSEX,2025-11-14,69108.67,69385.11,68418.08,68692.85,0
SENSEX,2025-11-17,68706.31,68981.13,68226.28,68500.28,0
SENSEX,2025-11-18,68532.6,69167.76,68258.47,68892.19,0
SENSEX,2025-11-19,68790.07,69065.23,67668.17,67939.93,0
SENSEX,2025-11-20,67695.78,68523.14,67425.0,68250.14,0
SENSEX,2025-11-21,68370.28,68720.06,68096.8,68446.27,0
SENSEX,2025-11-24,68140.13,68611.67,67867.57,68338.31,0
SENSEX,2025-11-25,68413.94,68687.6,67358.54,67629.05,0
SENSEX,2025-11-26,67894.22,68165.8,67520.2,67791.36,0
SENSEX,2025-11-27,67617.47,67887.94,67167.57,67437.32,0
SENSEX,2025-11-28,67438.39,67819.41,67168.64,67549.22,0
SENSEX,2025-12-01,67439.97,67885.92,67170.21,67615.46,0
SENSEX,2025-12-02,67447.42,68779.56,67177.63,68505.54,0
SENSEX,2025-12-03,68289.63,68562.79,67927.04,68199.84,0
SENSEX,2025-12-04,68090.7,68363.06,67388.2,67658.84,0
SENSEX,2025-12-05,67749.06,68256.03,67478.07,67984.1,0
SENSEX,2025-12-08,68014.33,68465.68,67742.27,68192.91,0
SENSEX,2025-12-09,68094.74,69357.21,67822.36,69080.88,0
SENSEX,2025-12-10,69194.79,69910.87,68918.01,69632.34,0
SENSEX,2025-12-11,69664.37,70205.38,69385.71,69925.68,0
SENSEX,2025-12-12,70105.17,71019.43,69824.75,70736.49,0
SENSEX,2025-12-15,70893.38,71176.95,69821.26,70101.66,0
SENSEX,2025-12-16,70050.83,70331.03,69558.37,69837.72,0
SENSEX,2025-12-17,69963.61,70243.47,69227.94,69505.96,0
SENSEX,2025-12-18,69428.48,69706.2,69059.43,69336.78,0
SENSEX,2025-12-19,69189.72,69466.47,68351.4,68625.9,0
SENSEX,2025-12-22,68597.0,69238.98,68322.61,68963.13,0
SENSEX,2025-12-23,68999.27,69275.26,68681.77,68957.6,0
SENSEX,2025-12-24,68945.7,69221.48,67760.62,68032.75,0
SENSEX,2025-12-25,68018.03,68290.1,67323.06,67593.43,0
SENSEX,2025-12-26,67660.15,67930.79,67321.78,67592.15,0
SENSEX,2025-12-29,67383.23,68415.07,67113.69,68142.5,0
SENSEX,2025-12-30,68253.5,69257.6,67980.49,68981.67,0
SENSEX,2025-12-31,69028.39,70497.26,68752.28,70216.39,0
SENSEX,2026-01-01,70204.7,70630.53,69923.88,70349.14,0
SENSEX,2026-01-02,70659.46,70942.1,69262.58,69540.74,0
SENSEX,2026-01-05,69529.05,69807.16,67998.15,68271.24,0
SENSEX,2026-01-06,68078.68,68806.9,67806.36,68532.77,0
SENSEX,2026-01-07,68102.35,68387.78,67829.94,68115.32,0
SENSEX,2026-01-08,68268.23,68541.3,67539.36,67810.6,0
SENSEX,2026-01-09,67733.45,68004.38,67367.22,67637.77,0
SENSEX,2026-01-12,67681.84,67952.57,67190.62,67460.46,0
SENSEX,2026-01-13,67665.29,68261.93,67394.63,67989.97,0
SENSEX,2026-01-14,68177.48,68595.49,67904.77,68322.2,0
SENSEX,2026-01-15,68315.32,68588.58,67915.13,68187.88,0
SENSEX,2026-01-16,68261.79,68534.84,67318.1,67588.46,0
SENSEX,2026-01-19,67500.35,67770.35,66349.21,66615.67,0
SENSEX,2026-01-20,66660.0,66926.64,66249.47,66515.54,0
SENSEX,2026-01-21,66468.04,66772.37,66202.17,66506.35,0
SENSEX,2026-01-22,66379.65,67747.35,66114.13,67477.44,0
SENSEX,2026-01-23,67442.22,67823.58,67172.45,67553.37,0
SENSEX,2026-01-26,67462.72,68113.58,67192.87,67842.21,0
SENSEX,2026-01-27,67810.21,68081.45,67340.1,67610.54,0
SENSEX,2026-01-28,67548.75,67818.94,66359.04,66625.54,0
SENSEX,2026-01-29,66841.48,67108.85,65449.69,65712.54,0
SENSEX,2026-01-30,65793.79,66056.97,65193.6,65455.42,0
SENSEX,2026-02-02,65484.02,67024.23,65222.08,66757.2,0
SENSEX,2026-02-03,66781.21,67048.34,65988.77,66253.79,0
SENSEX,2026-02-04,66404.42,67156.41,66138.81,66888.85,0
SENSEX,2026-02-05,66601.65,66868.05,66073.26,66338.61,0
SENSEX,2026-02-06,66199.16,67236.17,65934.36,66968.3,0
SENSEX,2026-02-09,67041.88,67310.05,66632.76,66900.36,0
SENSEX,2026-02-10,66714.23,67136.31,66447.37,66868.84,0
SENSEX,2026-02-11,67025.93,67294.04,66652.23,66919.91,0
SENSEX,2026-02-12,67079.86,67348.18,66275.24,66541.4,0
SENSEX,2026-02-13,66472.89,66945.21,66207.0,66678.5,0
SENSEX,2026-02-16,66654.75,66921.37,66222.11,66488.07,0
SENSEX,2026-02-17,66472.67,66738.56,65674.18,65937.93,0
SENSEX,2026-02-18,66241.54,66506.51,65103.39,65364.85,0
SENSEX,2026-02-19,65507.24,65769.27,65045.94,65307.17,0
SENSEX,2026-02-20,65291.24,66395.44,65030.08,66130.92,0
SENSEX,2026-02-23,66071.9,66416.54,65807.61,66151.93,0
SENSEX,2026-02-24,66336.42,66601.77,65808.86,66073.15,0
SENSEX,2026-02-25,66216.14,66481.01,65854.58,66119.05,0
SENSEX,2026-02-26,66142.02,67039.25,65877.45,66772.16,0
SENSEX,2026-02-27,66911.24,67205.0,66643.6,66937.25,0
SENSEX,2026-03-02,66932.84,67200.57,66262.15,66528.27,0
SENSEX,2026-03-03,66317.27,67237.94,66052.0,66970.06,0
SENSEX,2026-03-04,66966.22,67234.08,66693.56,66961.4,0
SENSEX,2026-03-05,66793.06,68097.96,66525.89,67826.66,0
SENSEX,2026-03-06,67644.87,67990.09,67374.29,67719.21,0
SENSEX,2026-03-09,67886.23,68157.77,67084.76,67354.18,0
SENSEX,2026-03-10,67350.86,67620.26,66523.37,66790.53,0
SENSEX,2026-03-11,66557.44,68173.41,66291.21,67901.81,0
SENSEX,2026-03-12,67923.31,69288.27,67651.62,69012.22,0
SENSEX,2026-03-13,68965.64,69241.5,68598.09,68873.59,0
SENSEX,2026-03-16,68734.98,69037.74,68460.04,68762.69,0
SENSEX,2026-03-17,68975.56,69902.83,68699.66,69624.34,0
SENSEX,2026-03-18,69559.95,69838.19,68679.28,68955.1,0
SENSEX,2026-03-19,68628.45,68902.97,68325.42,68599.82,0
SENSEX,2026-03-20,68673.84,68978.14,68399.15,68703.33,0
SENSEX,2026-03-23,68599.74,68913.9,68325.34,68639.35,0
SENSEX,2026-03-24,68753.26,69028.27,68292.52,68566.78,0
SENSEX,2026-03-25,68635.17,68909.71,68277.44,68551.65,0
SENSEX,2026-03-26,68355.53,69054.87,68082.11,68779.75,0
SENSEX,2026-03-27,68794.4,69505.91,68519.22,69228.99,0
SENSEX,2026-03-30,69045.01,69645.63,68768.83,69368.16,0
SENSEX,2026-03-31,69371.22,70159.8,69093.73,69880.28,0
SENSEX,2026-04-01,69954.58,70234.4,68794.0,69070.29,0
SENSEX,2026-04-02,69124.15,69564.85,68847.66,69287.7,0
SENSEX,2026-04-03,69426.38,69704.09,68661.45,68937.2,0
SENSEX,2026-04-06,68902.63,69178.24,68427.33,68702.13,0
SENSEX,2026-04-07,68820.93,69096.22,67648.6,67920.28,0
SENSEX,2026-04-08,68033.51,68305.65,67602.68,67874.18,0
SENSEX,2026-04-09,67759.01,68426.61,67487.97,68153.99,0
SENSEX,2026-04-10,67927.19,68198.9,67172.39,67442.16,0
SENSEX,2026-04-13,67492.6,67762.57,67001.99,67271.07,0
SENSEX,2026-04-14,67338.44,67607.79,66788.99,67057.22,0
SENSEX,2026-04-15,67093.15,67414.01,66824.78,67145.42,0
SENSEX,2026-04-16,67224.99,68073.85,66956.09,67802.64,0
SENSEX,2026-04-17,67877.28,68480.0,67605.77,68207.17,0
SENSEX,2026-04-20,68043.19,69176.85,67771.02,68901.24,0
SENSEX,2026-04-21,69115.14,69391.61,68528.18,68803.39,0
SENSEX,2026-04-22,68319.88,68676.63,68046.6,68403.02,0
SENSEX,2026-04-23,68260.4,68533.44,67842.05,68114.5,0
SENSEX,2026-04-24,68333.16,68606.5,68056.19,68329.51,0
SENSEX,2026-04-27,68502.66,68955.9,68228.64,68681.18,0
SENSEX,2026-04-28,68722.15,68997.04,67896.2,68168.88,0
SENSEX,2026-04-29,68266.29,68539.35,67926.64,68199.44,0
SENSEX,2026-04-30,68010.99,68776.99,67738.95,68502.98,0
SENSEX,2026-05-01,68535.38,70172.13,68261.24,69892.56,0
SENSEX,2026-05-04,69745.42,71252.0,69466.44,70968.13,0
SENSEX,2026-05-05,71203.44,71488.25,70814.68,71099.08,0
SENSEX,2026-05-06,71154.96,71535.13,70870.34,71250.13,0
SENSEX,2026-05-07,71217.45,71502.32,70393.4,70676.1,0
SENSEX,2026-05-08,70855.14,71138.56,70350.93,70633.46,0
SENSEX,2026-05-11,70676.35,71121.46,70393.64,70838.1,0
SENSEX,2026-05-12,70849.94,71827.14,70566.54,71540.98,0
SENSEX,2026-05-13,71756.46,72043.49,70679.51,70963.36,0
SENSEX,2026-05-14,70911.58,71195.23,70626.32,70909.96,0
SENSEX,2026-05-15,70825.4,71108.7,69301.53,69579.85,0
SENSEX,2026-05-18,69350.49,69694.49,69073.09,69416.82,0
SENSEX,2026-05-19,69315.46,69592.73,68704.67,68980.59,0
SENSEX,2026-05-20,68919.6,69265.14,68643.92,68989.18,0
SENSEX,2026-05-21,68910.87,69186.51,68437.82,68712.67,0
SENSEX,2026-05-22,68528.76,68937.23,68254.65,68662.58,0
SENSEX,2026-05-25,68735.72,69010.66,67698.48,67970.36,0
SENSEX,2026-05-26,67992.47,68264.44,66884.21,67152.82,0
SENSEX,2026-05-27,67129.65,68869.82,66861.13,68595.44,0
SENSEX,2026-05-28,68361.31,68634.75,67715.66,67987.61,0
SENSEX,2026-05-29,67809.28,68080.51,67173.24,67443.02,0
SENSEX,2026-06-01,67391.48,68645.93,67121.91,68372.44,0
SENSEX,2026-06-02,68093.18,70204.27,67820.81,69924.57,0
SENSEX,2026-06-03,69877.66,70157.17,69294.25,69572.54,0
SENSEX,2026-06-04,69663.6,69942.25,69082.43,69359.86,0
SENSEX,2026-06-05,69575.21,69853.51,68874.66,69151.27,0
SENSEX,2026-06-08,69057.27,70297.94,68781.04,70017.87,0
SENSEX,2026-06-09,69864.32,70143.78,69010.57,69287.72,0
SENSEX,2026-06-10,69516.65,69794.72,68781.04,69057.27,0
SENSEX,2026-06-11,69001.51,69806.45,68725.5,69528.33,0
SENSEX,2026-06-12,69496.17,70014.98,69218.18,69736.03,0
SENSEX,2026-06-15,69776.76,70055.87,69429.25,69708.08,0
SENSEX,2026-06-16,69667.58,69946.25,69260.23,69538.38,0
SENSEX,2026-06-17,69413.14,69690.79,68246.48,68520.56,0
SENSEX,2026-06-18,68383.61,68657.14,68059.16,68332.49,0
SENSEX,2026-06-19,68394.29,68667.87,67914.11,68186.85,0
SENSEX,2026-06-22,68130.59,68927.58,67858.07,68652.97,0
SENSEX,2026-06-23,68734.98,69009.92,68222.03,68496.01,0
SENSEX,2026-06-24,68581.83,68871.03,68307.5,68596.64,0
SENSEX,2026-06-25,68784.83,69734.43,68509.69,69456.6,0
SENSEX,2026-06-26,69434.45,69712.19,68929.85,69206.68,0
SENSEX,2026-06-29,68970.35,69635.8,68694.47,69358.37,0
SENSEX,2026-06-30,69268.32,70012.24,68991.25,69733.3,0
SENSEX,2026-07-01,69403.68,70296.42,69126.07,70016.35,0
SENSEX,2026-07-02,69880.01,70159.53,69150.82,69428.53,0
SENSEX,2026-07-03,69457.13,70111.76,69179.31,69832.43,0
SENSEX,2026-07-06,70004.51,70284.53,69563.28,69842.65,0
SENSEX,2026-07-07,69739.29,71599.14,69460.34,71313.89,0
SENSEX,2026-07-08,71363.53,72598.93,71078.08,72309.69,0
SENSEX,2026-07-09,72130.76,72654.91,71842.23,72365.45,0
SENSEX,2026-07-10,72323.64,72612.93,71518.37,71805.59,0
SENSEX,2026-07-13,71833.78,72121.11,70853.92,71138.48,0
SENSEX,2026-07-14,71198.28,72316.68,70913.49,72028.56,0
SENSEX,2026-07-15,72009.9,72297.94,71695.35,71983.29,0
SENSEX,2026-07-16,71774.91,72432.83,71487.81,72144.25,0
SENSEX,2026-07-17,72246.22,72535.21,70887.11,71171.79,0
SENSEX,2026-07-20,70957.1,71792.49,70673.27,71506.47,0
SENSEX,2026-07-21,71531.14,71817.27,71201.83,71487.78,0
SENSEX,2026-07-22,71602.03,71888.44,70436.06,70718.94,0
SENSEX,2026-07-23,70622.27,70904.76,70181.21,70463.07,0
SENSEX,2026-07-24,70358.82,70658.4,70077.38,70376.89,0
SENSEX,2026-07-27,70293.08,70577.4,70011.91,70296.22,0
SENSEX,2026-07-28,70488.68,70770.63,69793.85,70074.15,0
SENSEX,2026-07-29,70361.95,70643.39,69779.79,70060.03,0
SENSEX,2026-07-30,70176.48,70457.18,69615.57,69895.15,0
SENSEX,2026-07-31,70102.89,70460.59,69822.48,70179.87,0
SENSEX,2026-08-03,70201.8,71256.14,69920.99,70972.25,0
SENSEX,2026-08-04,71290.74,71575.9,69040.34,69317.61,0
SENSEX,2026-08-05,69188.78,69519.25,68912.02,69242.28,0
SENSEX,2026-08-06,69203.36,69757.94,68926.55,69480.02,0
SENSEX,2026-08-07,69494.13,69990.03,69216.16,69711.18,0
SENSEX,2026-08-10,69506.16,69784.18,69222.57,69500.57,0
SENSEX,2026-08-11,69567.98,69846.26,68149.85,68423.54,0
SENSEX,2026-08-12,67957.6,68881.65,67685.77,68607.22,0
SENSEX,2026-08-13,68910.52,70051.36,68634.88,69772.28,0
SENSEX,2026-08-14,69858.88,70138.31,68599.23,68874.73,0
SENSEX,2026-08-17,68935.86,69918.3,68660.12,69639.74,0
SENSEX,2026-08-18,69610.52,69888.96,69217.78,69495.76,0
SENSEX,2026-08-19,69465.23,69743.09,69069.13,69346.52,0
SENSEX,2026-08-20,69287.64,69564.79,68401.9,68676.6,0
SENSEX,2026-08-21,68530.22,68877.31,68256.1,68602.89,0
SENSEX,2026-08-24,68470.14,69736.59,68196.26,69458.76,0
SENSEX,2026-08-25,69573.38,69931.17,69295.08,69652.56,0
SENSEX,2026-08-26,69763.6,70841.99,69484.55,70559.75,0
SENSEX,2026-08-27,70393.12,71665.08,70111.55,71379.57,0
SENSEX,2026-08-28,71567.79,71861.52,71281.52,71575.22,0
SENSEX,2026-08-31,71521.55,73153.96,71235.46,72862.51,0
SENSEX,2026-09-01,72895.96,73366.03,72604.38,73073.73,0
SENSEX,2026-09-02,72980.45,74047.95,72688.52,73752.94,0
SENSEX,2026-09-03,73516.71,74090.07,73222.64,73794.89,0
SENSEX,2026-09-04,73723.9,74250.35,73429.01,73954.53,0
SENSEX,2026-09-07,73859.76,74258.39,73564.32,73962.54,0
SENSEX,2026-09-08,74293.67,75043.52,73996.49,74744.54,0
SENSEX,2026-09-09,74654.63,74953.25,74126.06,74423.76,0
SENSEX,2026-09-10,74364.13,75133.18,74066.67,74833.85,0
SENSEX,2026-09-11,75029.07,75347.2,74728.96,75047.01,0
SENSEX,2026-09-14,75330.87,76282.2,75029.55,75978.29,0
SENSEX,2026-09-15,75948.58,76683.48,75644.78,76377.96,0
SENSEX,2026-09-16,76321.06,77799.55,76015.78,77489.59,0
SENSEX,2026-09-17,77506.37,78135.49,77196.35,77824.19,0
SENSEX,2026-09-18,77841.63,78152.99,76653.21,76961.05,0
SENSEX,2026-09-21,76988.16,77296.12,76536.18,76843.56,0
SENSEX,2026-09-22,76822.06,77129.35,75893.74,76198.53,0
SENSEX,2026-09-23,76261.12,76566.17,75577.99,75881.51,0
SENSEX,2026-09-24,75787.79,77201.19,75484.64,76893.62,0
SENSEX,2026-09-25,77081.71,77699.21,76773.38,77389.66,0
SENSEX,2026-09-28,77440.56,77750.32,76914.22,77223.11,0
SENSEX,2026-09-29,77236.63,77545.57,76327.48,76634.01,0
SENSEX,2026-09-30,76735.29,77334.14,76428.35,77026.03,0
SENSEX,2026-10-01,77253.95,77562.97,76065.64,76371.12,0
SENSEX,2026-10-02,76177.25,76481.96,75811.51,76115.97,0
SENSEX,2026-10-05,76038.66,76801.78,75734.51,76495.8,0
NIFTY BANK,2025-10-21,47716.15,48192.0,47525.28,48000.0,0
NIFTY BANK,2025-10-22,47849.21,48365.76,47657.81,48173.07,0
NIFTY BANK,2025-10-23,48209.79,48764.68,48016.95,48570.39,0
NIFTY BANK,2025-10-24,48625.09,48819.59,48174.53,48368.0,0
NIFTY BANK,2025-10-27,48347.39,48540.78,47899.0,48091.36,0
NIFTY BANK,2025-10-28,48210.04,48402.88,47976.8,48169.48,0
NIFTY BANK,2025-10-29,48188.0,48380.76,47379.75,47570.03,0
NIFTY BANK,2025-10-30,47609.31,47799.75,46737.12,46924.82,0
NIFTY BANK,2025-10-31,47064.83,47253.09,46309.22,46495.2,0
NIFTY BANK,2025-11-03,46458.82,46644.65,45869.6,46053.82,0
NIFTY BANK,2025-11-04,46024.18,46591.37,45840.09,46405.75,0
NIFTY BANK,2025-11-05,46290.77,46475.93,45865.86,46050.06,0
NIFTY BANK,2025-11-06,46023.54,46207.63,45614.18,45797.37,0
NIFTY BANK,2025-11-07,45541.33,46038.96,45359.16,45855.53,0
NIFTY BANK,2025-11-10,45821.15,46143.92,45637.86,45960.08,0
NIFTY BANK,2025-11-11,45864.29,46451.6,45680.84,46266.53,0
NIFTY BANK,2025-11-12,46288.59,46473.75,45477.18,45659.82,0
NIFTY BANK,2025-11-13,45734.95,45917.88,45423.43,45605.85,0
NIFTY BANK,2025-11-14,45632.61,45815.14,45123.15,45304.37,0
NIFTY BANK,2025-11-17,45264.3,45445.36,45073.67,45254.69,0
NIFTY BANK,2025-11-18,45310.68,45795.56,45129.43,45613.11,0
NIFTY BANK,2025-11-19,45651.38,45833.99,44781.89,44961.74,0
NIFTY BANK,2025-11-20,44983.92,45991.84,44803.98,45808.6,0
NIFTY BANK,2025-11-21,45859.59,46086.6,45676.15,45902.99,0
NIFTY BANK,2025-11-24,46025.63,46209.74,45563.85,45746.84,0
NIFTY BANK,2025-11-25,45722.22,45905.11,45007.99,45188.74,0
NIFTY BANK,2025-11-26,45206.84,45722.78,45026.01,45540.62,0
NIFTY BANK,2025-11-27,45519.6,45701.68,44983.29,45163.94,0
NIFTY BANK,2025-11-28,45361.73,45755.12,45180.28,45572.83,0
NIFTY BANK,2025-12-01,45536.15,45769.92,45354.01,45587.57,0
NIFTY BANK,2025-12-02,45587.11,46164.27,45404.76,45980.35,0
NIFTY BANK,2025-12-03,45911.9,46095.55,45431.29,45613.74,0
NIFTY BANK,2025-12-04,45649.7,45832.3,45094.08,45275.18,0
NIFTY BANK,2025-12-05,45280.71,45461.83,45050.77,45231.7,0
NIFTY BANK,2025-12-08,45135.77,45316.31,44765.99,44945.77,0
NIFTY BANK,2025-12-09,44819.8,45543.0,44640.52,45361.56,0
NIFTY BANK,2025-12-10,45293.06,45995.31,45111.89,45812.06,0
NIFTY BANK,2025-12-11,45900.14,46188.22,45716.54,46004.2,0
NIFTY BANK,2025-12-12,45965.89,46649.28,45782.03,46463.43,0
NIFTY BANK,2025-12-15,46418.92,46604.59,45635.92,45819.2,0
NIFTY BANK,2025-12-16,45668.28,46135.11,45485.61,45951.3,0
NIFTY BANK,2025-12-17,45914.86,46098.51,45642.53,45825.83,0
NIFTY BANK,2025-12-18,45907.89,46091.52,45704.76,45888.31,0
NIFTY BANK,2025-12-19,46079.69,46264.01,45177.68,45359.11,0
NIFTY BANK,2025-12-22,45401.53,45810.54,45219.93,45628.02,0
NIFTY BANK,2025-12-23,45620.4,45802.88,45101.46,45282.6,0
NIFTY BANK,2025-12-24,45107.56,45287.99,44485.35,44664.0,0
NIFTY BANK,2025-12-25,44571.93,44750.22,44286.55,44464.41,0
NIFTY BANK,2025-12-26,44460.79,44638.63,44176.84,44354.26,0
NIFTY BANK,2025-12-29,44199.51,44442.53,44022.71,44265.47,0
NIFTY BANK,2025-12-30,44194.78,45017.14,44018.0,44837.79,0
NIFTY BANK,2025-12-31,44797.58,46161.72,44618.39,45977.81,0
NIFTY BANK,2026-01-01,46019.6,46203.68,45766.02,45949.82,0
NIFTY BANK,2026-01-02,45835.53,46018.88,45498.55,45681.28,0
NIFTY BANK,2026-01-05,45718.2,45901.07,44404.37,44582.7,0
NIFTY BANK,2026-01-06,44691.45,44870.22,44395.63,44573.93,0
NIFTY BANK,2026-01-07,44502.48,44680.49,44245.23,44422.93,0
NIFTY BANK,2026-01-08,44245.73,44422.71,44035.91,44212.76,0
NIFTY BANK,2026-01-09,44280.79,44457.91,43961.64,44138.19,0
NIFTY BANK,2026-01-12,44126.88,44303.39,43608.83,43783.97,0
NIFTY BANK,2026-01-13,43763.78,44231.97,43588.72,44055.75,0
NIFTY BANK,2026-01-14,44041.45,44438.85,43865.29,44261.8,0
NIFTY BANK,2026-01-15,44210.07,44386.91,43971.33,44147.93,0
NIFTY BANK,2026-01-16,44045.88,44222.07,43395.22,43569.5,0
NIFTY BANK,2026-01-19,43575.91,43750.21,42795.29,42967.16,0
NIFTY BANK,2026-01-20,42881.73,43053.25,42688.76,42860.2,0
NIFTY BANK,2026-01-21,42816.29,42987.56,42584.79,42755.82,0
NIFTY BANK,2026-01-22,42681.66,43730.12,42510.93,43555.9,0
NIFTY BANK,2026-01-23,43512.16,43851.47,43338.11,43676.76,0
NIFTY BANK,2026-01-26,43689.48,44106.57,43514.72,43930.84,0
NIFTY BANK,2026-01-27,43938.97,44136.43,43763.22,43960.59,0
NIFTY BANK,2026-01-28,43975.2,44151.1,43381.57,43555.79,0
NIFTY BANK,2026-01-29,43588.3,43762.65,42372.21,42542.38,0
NIFTY BANK,2026-01-30,42396.94,42594.38,42227.35,42424.68,0
NIFTY BANK,2026-02-02,42590.44,43901.6,42420.08,43726.7,0
NIFTY BANK,2026-02-03,43715.06,43889.92,43357.05,43531.18,0
NIFTY BANK,2026-02-04,43559.65,44024.83,43385.41,43849.43,0
NIFTY BANK,2026-02-05,43810.91,43986.16,43193.86,43367.33,0
NIFTY BANK,2026-02-06,43463.91,43646.96,43290.06,43473.06,0
NIFTY BANK,2026-02-09,43572.84,43747.13,43356.88,43531.0,0
NIFTY BANK,2026-02-10,43583.96,43829.99,43409.63,43655.37,0
NIFTY BANK,2026-02-11,43595.56,43769.95,43353.73,43527.85,0
NIFTY BANK,2026-02-12,43508.73,43682.77,42960.98,43133.52,0
NIFTY BANK,2026-02-13,43097.93,43327.71,42925.54,43155.09,0
NIFTY BANK,2026-02-16,43174.23,43346.92,42764.98,42936.72,0
NIFTY BANK,2026-02-17,42996.94,43168.92,42486.99,42657.62,0
NIFTY BANK,2026-02-18,42741.89,42912.86,42170.32,42339.68,0
NIFTY BANK,2026-02-19,42282.41,42451.54,41863.75,42031.88,0
NIFTY BANK,2026-02-20,42117.51,42696.83,41949.04,42526.73,0
NIFTY BANK,2026-02-23,42452.98,42662.82,42283.17,42492.85,0
NIFTY BANK,2026-02-24,42579.98,42813.75,42409.66,42643.18,0
NIFTY BANK,2026-02-25,42632.29,42861.37,42461.76,42690.61,0
NIFTY BANK,2026-02-26,42793.82,43562.75,42622.65,43389.2,0
NIFTY BANK,2026-02-27,43281.1,43495.07,43107.98,43321.78,0
NIFTY BANK,2026-03-02,43232.89,43405.82,42958.8,43131.33,0
NIFTY BANK,2026-03-03,43136.96,43874.79,42964.41,43699.99,0
NIFTY BANK,2026-03-04,43767.59,43942.66,43555.47,43730.39,0
NIFTY BANK,2026-03-05,43732.22,44542.41,43557.29,44364.95,0
NIFTY BANK,2026-03-06,44329.32,44506.63,44055.96,44232.9,0
NIFTY BANK,2026-03-09,44304.35,44481.57,43758.73,43934.47,0
NIFTY BANK,2026-03-10,44257.2,44434.23,43380.81,43555.03,0
NIFTY BANK,2026-03-11,43595.12,44352.33,43420.74,44175.63,0
NIFTY BANK,2026-03-12,44190.72,44831.96,44013.96,44653.35,0
NIFTY BANK,2026-03-13,44670.52,44849.21,44290.59,44468.47,0
NIFTY BANK,2026-03-16,44461.81,44639.66,44100.21,44277.32,0
NIFTY BANK,2026-03-17,44271.37,45403.66,44094.28,45222.77,0
NIFTY BANK,2026-03-18,45257.92,45438.95,44577.69,44756.71,0
NIFTY BANK,2026-03-19,44734.13,44913.07,44397.76,44576.07,0
NIFTY BANK,2026-03-20,44532.1,44849.86,44353.97,44671.17,0
NIFTY BANK,2026-03-23,44524.61,44851.62,44346.51,44672.93,0
NIFTY BANK,2026-03-24,44744.33,44923.31,44495.57,44674.26,0
NIFTY BANK,2026-03-25,44746.33,44925.31,44266.7,44444.48,0
NIFTY BANK,2026-03-26,44588.99,44767.34,44152.03,44329.35,0
NIFTY BANK,2026-03-27,44385.91,44563.46,44201.95,44379.47,0
NIFTY BANK,2026-03-30,44264.29,44792.94,44087.23,44614.48,0
NIFTY BANK,2026-03-31,44669.03,45333.26,44490.35,45152.65,0
NIFTY BANK,2026-04-01,45121.48,45301.97,44384.39,44562.64,0
NIFTY BANK,2026-04-02,44518.74,44801.0,44340.67,44622.51,0
NIFTY BANK,2026-04-03,44538.44,44716.59,44302.59,44480.51,0
NIFTY BANK,2026-04-06,44439.29,44617.04,43760.69,43936.44,0
NIFTY BANK,2026-04-07,43922.45,44098.14,43062.79,43235.74,0
NIFTY BANK,2026-04-08,43248.01,43421.0,42808.35,42980.27,0
NIFTY BANK,2026-04-09,43036.01,43269.74,42863.87,43097.35,0
NIFTY BANK,2026-04-10,43132.01,43304.54,42517.31,42688.07,0
NIFTY BANK,2026-04-13,42687.41,42858.16,42176.05,42345.43,0
NIFTY BANK,2026-04-14,42186.01,42354.75,41983.16,42151.77,0
NIFTY BANK,2026-04-15,41991.95,42463.9,41823.98,42294.72,0
NIFTY BANK,2026-04-16,42369.27,42919.13,42199.79,42748.14,0
NIFTY BANK,2026-04-17,42693.23,42986.81,42522.45,42815.55,0
NIFTY BANK,2026-04-20,42770.77,43460.43,42599.68,43287.28,0
NIFTY BANK,2026-04-21,43350.2,43523.6,42881.35,43053.56,0
NIFTY BANK,2026-04-22,43014.43,43186.49,42611.25,42782.38,0
NIFTY BANK,2026-04-23,42775.28,42946.39,42403.6,42573.9,0
NIFTY BANK,2026-04-24,42571.27,42851.44,42400.99,42680.71,0
NIFTY BANK,2026-04-27,42475.11,43120.88,42305.21,42949.09,0
NIFTY BANK,2026-04-28,42976.2,43148.11,42270.44,42440.21,0
NIFTY BANK,2026-04-29,42383.35,42627.23,42213.82,42457.4,0
NIFTY BANK,2026-04-30,42356.33,42908.32,42186.9,42737.37,0
NIFTY BANK,2026-05-01,42802.2,44083.4,42630.99,43907.77,0
NIFTY BANK,2026-05-04,43969.88,44770.01,43794.0,44591.64,0
NIFTY BANK,2026-05-05,44535.15,44918.97,44357.01,44740.01,0
NIFTY BANK,2026-05-06,44753.82,44996.59,44574.8,44817.32,0
NIFTY BANK,2026-05-07,44870.46,45049.94,44597.94,44777.05,0
NIFTY BANK,2026-05-08,44952.23,45132.04,44632.6,44811.85,0
NIFTY BANK,2026-05-11,44720.78,45063.97,44541.9,44884.43,0
NIFTY BANK,2026-05-12,44747.27,45464.43,44568.28,45283.29,0
NIFTY BANK,2026-05-13,45271.09,45452.18,44719.25,44898.84,0
NIFTY BANK,2026-05-14,44948.84,45128.64,44580.61,44759.65,0
NIFTY BANK,2026-05-15,44621.68,44800.17,43456.16,43630.68,0
NIFTY BANK,2026-05-18,43757.51,43932.54,43425.17,43599.57,0
NIFTY BANK,2026-05-19,43573.53,43747.82,43244.1,43417.77,0
NIFTY BANK,2026-05-20,43392.82,43566.39,43131.37,43304.59,0
NIFTY BANK,2026-05-21,43306.15,43479.38,43069.56,43242.53,0
NIFTY BANK,2026-05-22,43150.31,43422.35,42977.71,43249.36,0
NIFTY BANK,2026-05-25,43137.83,43310.39,42398.71,42568.99,0
NIFTY BANK,2026-05-26,42454.63,42624.44,41801.36,41969.24,0
NIFTY BANK,2026-05-27,41997.06,43293.91,41829.07,43121.43,0
NIFTY BANK,2026-05-28,43243.18,43416.15,42550.51,42721.4,0
NIFTY BANK,2026-05-29,42616.75,42787.21,41902.54,42070.83,0
NIFTY BANK,2026-06-01,42207.9,42963.34,42039.07,42792.17,0
NIFTY BANK,2026-06-02,42829.27,43991.55,42657.96,43816.29,0
NIFTY BANK,2026-06-03,43758.12,43933.15,43564.78,43739.74,0
NIFTY BANK,2026-06-04,43716.95,43891.82,43263.31,43437.06,0
NIFTY BANK,2026-06-05,43457.52,43631.35,43072.13,43245.11,0
NIFTY BANK,2026-06-08,43263.39,44069.52,43090.34,43893.95,0
NIFTY BANK,2026-06-09,43918.98,44094.66,43139.64,43312.89,0
NIFTY BANK,2026-06-10,43171.58,43548.2,42998.89,43374.7,0
NIFTY BANK,2026-06-11,43342.06,43731.62,43168.7,43557.39,0
NIFTY BANK,2026-06-12,43333.36,43899.82,43160.03,43724.92,0
NIFTY BANK,2026-06-15,43839.31,44047.2,43663.95,43871.72,0
NIFTY BANK,2026-06-16,43951.54,44127.35,43482.94,43657.57,0
NIFTY BANK,2026-06-17,43697.86,43872.65,42783.23,42955.05,0
NIFTY BANK,2026-06-18,42896.74,43217.42,42725.15,43045.24,0
NIFTY BANK,2026-06-19,43091.92,43265.41,42919.55,43093.04,0
NIFTY BANK,2026-06-22,43174.75,43723.2,43002.05,43549.01,0
NIFTY BANK,2026-06-23,43498.74,43672.74,43022.03,43194.8,0
NIFTY BANK,2026-06-24,43182.25,43472.23,43009.52,43299.04,0
NIFTY BANK,2026-06-25,43344.9,44002.38,43171.52,43827.07,0
NIFTY BANK,2026-06-26,43767.76,44061.58,43592.69,43886.04,0
NIFTY BANK,2026-06-29,43799.44,43974.64,43599.39,43774.49,0
NIFTY BANK,2026-06-30,43940.31,44116.07,43668.13,43843.51,0
NIFTY BANK,2026-07-01,43869.27,44325.77,43693.8,44149.18,0
NIFTY BANK,2026-07-02,44144.54,44321.11,43512.78,43687.53,0
NIFTY BANK,2026-07-03,43959.8,44135.64,43587.79,43762.84,0
NIFTY BANK,2026-07-06,43768.42,43953.38,43593.34,43778.27,0
NIFTY BANK,2026-07-07,43790.38,45016.76,43615.22,44837.41,0
NIFTY BANK,2026-07-08,44680.17,45772.94,44501.45,45590.58,0
NIFTY BANK,2026-07-09,45495.12,45677.1,45310.43,45492.4,0
NIFTY BANK,2026-07-10,45517.63,45699.7,44807.13,44987.08,0
NIFTY BANK,2026-07-13,44814.27,44993.53,44617.47,44796.66,0
NIFTY BANK,2026-07-14,44737.91,45727.46,44558.96,45545.28,0
NIFTY BANK,2026-07-15,45583.23,45765.57,45367.22,45549.41,0
NIFTY BANK,2026-07-16,45473.23,45764.2,45291.34,45581.88,0
NIFTY BANK,2026-07-17,45518.36,45700.43,44504.33,44683.06,0
NIFTY BANK,2026-07-20,44748.73,44927.73,44519.18,44697.97,0
NIFTY BANK,2026-07-21,44746.66,44980.55,44567.68,44801.34,0
NIFTY BANK,2026-07-22,44773.38,44952.48,43990.36,44167.03,0
NIFTY BANK,2026-07-23,44269.57,44446.65,43900.77,44077.08,0
NIFTY BANK,2026-07-24,44096.9,44513.44,43920.51,44336.09,0
NIFTY BANK,2026-07-27,44374.11,44665.32,44196.61,44487.37,0
NIFTY BANK,2026-07-28,44609.55,44787.99,44137.14,44314.4,0
NIFTY BANK,2026-07-29,44336.77,44514.12,44089.18,44266.25,0
NIFTY BANK,2026-07-30,44212.7,44440.37,44035.85,44263.32,0
NIFTY BANK,2026-07-31,44375.42,44563.63,44197.92,44386.08,0
NIFTY BANK,2026-08-03,44401.28,44998.28,44223.68,44819.01,0
NIFTY BANK,2026-08-04,44629.27,44807.79,43818.35,43994.32,0
NIFTY BANK,2026-08-05,43955.57,44131.4,43633.46,43808.69,0
NIFTY BANK,2026-08-06,43890.56,44343.1,43714.99,44166.43,0
NIFTY BANK,2026-08-07,44255.24,44633.8,44078.22,44455.98,0
NIFTY BANK,2026-08-10,44641.02,44819.59,44234.15,44411.8,0
NIFTY BANK,2026-08-11,44437.33,44615.08,43562.5,43737.45,0
NIFTY BANK,2026-08-12,43774.35,43949.45,43491.03,43665.7,0
NIFTY BANK,2026-08-13,43736.19,44882.55,43561.24,44703.73,0
NIFTY BANK,2026-08-14,44637.39,44815.94,43816.68,43992.65,0
NIFTY BANK,2026-08-17,44118.96,44509.56,43942.49,44332.23,0
NIFTY BANK,2026-08-18,44086.2,44428.93,43909.85,44251.92,0
NIFTY BANK,2026-08-19,44148.93,44325.52,43925.61,44102.02,0
NIFTY BANK,2026-08-20,44245.87,44422.85,43722.3,43897.9,0
NIFTY BANK,2026-08-21,43897.74,44092.26,43722.15,43916.59,0
NIFTY BANK,2026-08-24,43873.48,44714.08,43697.99,44535.94,0
NIFTY BANK,2026-08-25,44735.18,44914.12,44494.0,44672.69,0
NIFTY BANK,2026-08-26,44728.33,45739.25,44549.42,45557.02,0
NIFTY BANK,2026-08-27,45579.89,46233.14,45397.58,46048.95,0
NIFTY BANK,2026-08-28,46105.41,46464.57,45920.99,46279.45,0
NIFTY BANK,2026-08-31,46189.93,47071.27,46005.17,46883.73,0
NIFTY BANK,2026-09-01,46847.56,47293.23,46660.17,47104.81,0
NIFTY BANK,2026-09-02,46964.49,47806.14,46776.63,47615.68,0
NIFTY BANK,2026-09-03,47712.51,47903.36,47363.13,47553.34,0
NIFTY BANK,2026-09-04,47528.7,47962.99,47338.58,47771.9,0
NIFTY BANK,2026-09-07,47761.54,47952.58,47425.9,47616.37,0
NIFTY BANK,2026-09-08,47671.55,48398.09,47480.87,48205.26,0
NIFTY BANK,2026-09-09,48168.42,48361.1,47854.23,48046.42,0
NIFTY BANK,2026-09-10,47977.66,48493.29,47785.75,48300.09,0
NIFTY BANK,2026-09-11,48294.67,48487.85,47830.33,48022.42,0
NIFTY BANK,2026-09-14,48057.13,48770.43,47864.9,48576.12,0
NIFTY BANK,2026-09-15,48788.32,48983.47,48361.27,48555.49,0
NIFTY BANK,2026-09-16,48424.39,49261.33,48230.7,49065.07,0
NIFTY BANK,2026-09-17,49018.33,49432.76,48822.26,49235.82,0
NIFTY BANK,2026-09-18,49334.83,49532.17,48584.83,48779.95,0
NIFTY BANK,2026-09-21,48855.41,49050.83,48454.96,48649.56,0
NIFTY BANK,2026-09-22,48655.98,48850.6,47722.88,47914.53,0
NIFTY BANK,2026-09-23,47895.46,48087.04,47518.95,47709.79,0
NIFTY BANK,2026-09-24,47747.34,48738.17,47556.35,48543.99,0
NIFTY BANK,2026-09-25,48545.18,49052.68,48351.0,48857.26,0
NIFTY BANK,2026-09-28,48712.63,49038.59,48517.78,48843.22,0
NIFTY BANK,2026-09-29,48831.27,49026.6,48324.44,48518.51,0
NIFTY BANK,2026-09-30,48547.74,48842.22,48353.55,48647.62,0
NIFTY BANK,2026-10-01,48621.63,48816.12,47834.1,48026.21,0
NIFTY BANK,2026-10-02,48012.36,48204.41,47575.95,47767.02,0
NIFTY BANK,2026-10-05,47727.68,48169.95,47536.77,47978.04,0
NIFTY IT,2025-10-21,36077.42,36221.73,35856.0,36000.0,0
NIFTY IT,2025-10-22,36017.28,36161.35,35609.44,35752.45,0
NIFTY IT,2025-10-23,35766.33,35909.39,35548.85,35691.62,0
NIFTY IT,2025-10-24,35659.87,35802.51,35320.66,35462.51,0
NIFTY IT,2025-10-27,35536.78,35678.93,35330.28,35472.17,0
NIFTY IT,2025-10-28,35392.39,35808.42,35250.82,35665.75,0
NIFTY IT,2025-10-29,35595.66,35738.05,35132.78,35273.87,0
NIFTY IT,2025-10-30,35345.84,35487.23,34622.73,34761.78,0
NIFTY IT,2025-10-31,34734.8,34873.74,34481.38,34619.86,0
NIFTY IT,2025-11-03,34619.14,34757.62,34201.63,34338.98,0
NIFTY IT,2025-11-04,34448.69,34586.48,34186.06,34323.35,0
NIFTY IT,2025-11-05,34376.59,34539.11,34239.09,34401.51,0
NIFTY IT,2025-11-06,34406.16,34543.78,34117.67,34254.69,0
NIFTY IT,2025-11-07,34164.59,34689.1,34027.93,34550.9,0
NIFTY IT,2025-11-10,34502.07,34640.08,33891.82,34027.93,0
NIFTY IT,2025-11-11,34104.62,34786.29,33968.2,34647.7,0
NIFTY IT,2025-11-12,34560.11,34701.84,34421.87,34563.58,0
NIFTY IT,2025-11-13,34582.17,34720.5,34378.54,34516.6,0
NIFTY IT,2025-11-14,34611.97,34750.41,34411.59,34549.79,0
NIFTY IT,2025-11-17,34549.75,34687.95,34322.43,34460.27,0
NIFTY IT,2025-11-18,34284.79,34747.45,34147.65,34609.01,0
NIFTY IT,2025-11-19,34666.71,34805.38,34121.22,34258.25,0
NIFTY IT,2025-11-20,34211.27,34348.12,33959.0,34095.38,0
NIFTY IT,2025-11-21,33987.61,34380.46,33851.66,34243.48,0
NIFTY IT,2025-11-24,34226.49,34396.92,34089.58,34259.88,0
NIFTY IT,2025-11-25,34319.74,34457.02,33985.23,34121.71,0
NIFTY IT,2025-11-26,34090.75,34227.11,33917.48,34053.7,0
NIFTY IT,2025-11-27,34103.76,34240.18,33471.86,33606.28,0
NIFTY IT,2025-11-28,33679.22,33813.94,33377.62,33511.66,0
NIFTY IT,2025-12-01,33478.4,33777.62,33344.48,33643.05,0
NIFTY IT,2025-12-02,33760.31,34275.99,33625.27,34139.43,0
NIFTY IT,2025-12-03,34205.74,34342.56,34040.96,34177.68,0
NIFTY IT,2025-12-04,34216.26,34353.12,33834.46,33970.34,0
NIFTY IT,2025-12-05,34022.42,34454.98,33886.33,34317.71,0
NIFTY IT,2025-12-08,34305.87,34642.52,34168.64,34504.5,0
NIFTY IT,2025-12-09,34511.4,35323.0,34373.36,35182.27,0
NIFTY IT,2025-12-10,35065.81,35283.6,34925.55,35143.02,0
NIFTY IT,2025-12-11,35097.56,35529.84,34957.17,35388.28,0
NIFTY IT,2025-12-12,35364.83,36069.8,35223.37,35926.1,0
NIFTY IT,2025-12-15,36055.45,36199.67,35665.8,35809.03,0
NIFTY IT,2025-12-16,35885.98,36029.53,35461.65,35604.06,0
NIFTY IT,2025-12-17,35597.2,35739.59,35273.31,35414.97,0
NIFTY IT,2025-12-18,35420.9,35562.58,35093.73,35234.67,0
NIFTY IT,2025-12-19,35214.22,35355.08,34653.88,34793.06,0
NIFTY IT,2025-12-22,34819.75,35384.45,34680.47,35243.47,0
NIFTY IT,2025-12-23,35302.64,35658.48,35161.43,35516.42,0
NIFTY IT,2025-12-24,35517.46,35659.53,34771.73,34911.38,0
NIFTY IT,2025-12-25,34896.04,35035.63,34675.18,34814.44,0
NIFTY IT,2025-12-26,34785.83,34924.97,34548.77,34687.52,0
NIFTY IT,2025-12-29,34646.64,35546.68,34508.05,35405.06,0
NIFTY IT,2025-12-30,35389.6,35809.24,35248.04,35666.57,0
NIFTY IT,2025-12-31,35716.08,36666.3,35573.22,36520.22,0
NIFTY IT,2026-01-01,36588.68,36735.04,36375.95,36522.04,0
NIFTY IT,2026-01-02,36398.95,36544.55,35795.52,35939.28,0
NIFTY IT,2026-01-05,35899.81,36043.41,35097.07,35238.03,0
NIFTY IT,2026-01-06,35181.9,35969.12,35041.18,35825.82,0
NIFTY IT,2026-01-07,35784.82,35927.96,35406.48,35548.67,0
NIFTY IT,2026-01-08,35548.59,35690.78,35319.0,35460.85,0
NIFTY IT,2026-01-09,35391.85,35653.71,35250.28,35511.67,0
NIFTY IT,2026-01-12,35536.36,35826.6,35394.21,35683.87,0
NIFTY IT,2026-01-13,35729.95,36050.6,35587.03,35906.97,0
NIFTY IT,2026-01-14,35979.43,36184.0,35835.51,36039.84,0
NIFTY IT,2026-01-15,36001.22,36191.09,35857.21,36046.9,0
NIFTY IT,2026-01-16,36132.06,36276.59,35685.86,35829.17,0
NIFTY IT,2026-01-19,35811.24,35954.48,35394.3,35536.45,0
NIFTY IT,2026-01-20,35519.48,35661.56,34927.69,35067.96,0
NIFTY IT,2026-01-21,34998.28,35279.5,34858.28,35138.94,0
NIFTY IT,2026-01-22,35159.84,35630.66,35019.2,35488.71,0
NIFTY IT,2026-01-23,35376.95,35518.45,35199.99,35341.36,0
NIFTY IT,2026-01-26,35338.2,35479.55,34911.67,35051.87,0
NIFTY IT,2026-01-27,35029.3,35330.66,34889.18,35189.9,0
NIFTY IT,2026-01-28,35162.67,35303.32,34451.95,34590.31,0
NIFTY IT,2026-01-29,34493.55,34631.53,34111.09,34248.09,0
NIFTY IT,2026-01-30,34232.21,34369.14,34066.21,34203.02,0
NIFTY IT,2026-02-02,34276.21,34938.05,34139.1,34798.85,0
NIFTY IT,2026-02-03,34941.89,35081.66,34287.63,34425.34,0
NIFTY IT,2026-02-04,34412.31,34767.22,34274.66,34628.7,0
NIFTY IT,2026-02-05,34617.43,34755.9,34470.57,34609.01,0
NIFTY IT,2026-02-06,34660.15,35181.27,34521.51,35041.1,0
NIFTY IT,2026-02-09,35152.15,35292.75,34911.85,35052.06,0
NIFTY IT,2026-02-10,35119.69,35260.17,34757.18,34896.77,0
NIFTY IT,2026-02-11,34959.99,35099.83,34459.81,34598.2,0
NIFTY IT,2026-02-12,34653.1,34791.71,34309.1,34446.89,0
NIFTY IT,2026-02-13,34311.58,34620.12,34174.34,34482.19,0
NIFTY IT,2026-02-16,34328.83,34598.21,34191.52,34460.36,0
NIFTY IT,2026-02-17,34491.68,34629.65,33873.8,34009.84,0
NIFTY IT,2026-02-18,34015.37,34151.43,33638.35,33773.45,0
NIFTY IT,2026-02-19,33611.7,33963.25,33477.26,33827.94,0
NIFTY IT,2026-02-20,33811.61,34375.27,33676.36,34238.32,0
NIFTY IT,2026-02-23,34170.17,34491.47,34033.49,34354.06,0
NIFTY IT,2026-02-24,34272.46,34409.55,33952.05,34088.41,0
NIFTY IT,2026-02-25,34225.46,34427.05,34088.56,34289.89,0
NIFTY IT,2026-02-26,34288.72,34596.28,34151.56,34458.45,0
NIFTY IT,2026-02-27,34375.23,34916.91,34237.73,34777.8,0
NIFTY IT,2026-03-02,34754.22,34893.23,34522.9,34661.54,0
NIFTY IT,2026-03-03,34805.23,34971.72,34666.01,34832.39,0
NIFTY IT,2026-03-04,34836.53,34982.51,34697.19,34843.14,0
NIFTY IT,2026-03-05,34738.62,35632.46,34599.67,35490.5,0
NIFTY IT,2026-03-06,35625.93,35768.44,35346.33,35488.28,0
NIFTY IT,2026-03-09,35527.97,35670.09,35187.14,35328.45,0
NIFTY IT,2026-03-10,35383.62,35525.15,34980.02,35120.5,0
NIFTY IT,2026-03-11,35117.01,35562.66,34976.54,35420.98,0
NIFTY IT,2026-03-12,35418.61,36172.31,35276.93,36028.2,0
NIFTY IT,2026-03-13,36075.03,36219.34,35713.13,35856.55,0
NIFTY IT,2026-03-16,35900.1,36043.7,35585.71,35728.63,0
NIFTY IT,2026-03-17,35723.76,36149.54,35580.86,36005.52,0
NIFTY IT,2026-03-18,35974.1,36117.99,35132.68,35273.78,0
NIFTY IT,2026-03-19,35331.95,35473.28,35101.6,35242.57,0
NIFTY IT,2026-03-20,35293.11,35434.28,34926.35,35066.61,0
NIFTY IT,2026-03-23,35011.23,35151.27,34781.96,34921.65,0
NIFTY IT,2026-03-24,34937.09,35138.79,34797.34,34998.79,0
NIFTY IT,2026-03-25,34981.5,35179.54,34841.57,35039.38,0
NIFTY IT,2026-03-26,34913.86,35479.6,34774.2,35338.24,0
NIFTY IT,2026-03-27,35182.53,35545.36,35041.8,35403.74,0
NIFTY IT,2026-03-30,35373.82,35593.28,35232.33,35451.48,0
NIFTY IT,2026-03-31,35338.65,36049.06,35197.29,35905.44,0
NIFTY IT,2026-04-01,35980.65,36124.57,35461.98,35604.4,0
NIFTY IT,2026-04-02,35571.32,35730.66,35429.03,35588.3,0
NIFTY IT,2026-04-03,35593.08,35735.46,35370.28,35512.33,0
NIFTY IT,2026-04-06,35676.3,35819.0,35093.82,35234.76,0
NIFTY IT,2026-04-07,35184.49,35325.23,34753.84,34893.42,0
NIFTY IT,2026-04-08,34855.62,34995.04,34427.95,34566.22,0
NIFTY IT,2026-04-09,34646.11,35146.02,34507.53,35005.99,0
NIFTY IT,2026-04-10,35002.01,35142.01,34849.93,34989.89,0
NIFTY IT,2026-04-13,35050.27,35190.47,34782.51,34922.19,0
NIFTY IT,2026-04-14,34908.61,35048.24,34564.75,34703.56,0
NIFTY IT,2026-04-15,34737.97,34933.34,34599.01,34794.16,0
NIFTY IT,2026-04-16,34867.18,35242.99,34727.71,35102.58,0
NIFTY IT,2026-04-17,35173.33,35725.14,35032.64,35582.8,0
NIFTY IT,2026-04-20,35534.93,36123.74,35392.79,35979.82,0
NIFTY IT,2026-04-21,35834.65,36490.95,35691.31,36345.56,0
NIFTY IT,2026-04-22,36282.08,36427.21,35642.53,35785.67,0
NIFTY IT,2026-04-23,35742.07,35885.04,35180.51,35321.8,0
NIFTY IT,2026-04-24,35375.13,35788.14,35233.63,35645.56,0
NIFTY IT,2026-04-27,35669.85,35812.53,35496.19,35638.75,0
NIFTY IT,2026-04-28,35687.44,35924.11,35544.69,35780.98,0
NIFTY IT,2026-04-29,35836.38,35979.73,35659.94,35803.15,0
NIFTY IT,2026-04-30,35827.21,36109.3,35683.9,35965.44,0
NIFTY IT,2026-05-01,35959.15,36830.98,35815.32,36684.25,0
NIFTY IT,2026-05-04,36646.51,37535.1,36499.93,37385.56,0
NIFTY IT,2026-05-05,37322.66,37471.95,37077.06,37225.96,0
NIFTY IT,2026-05-06,37227.79,37564.01,37078.88,37414.36,0
NIFTY IT,2026-05-07,37362.77,37512.23,37154.28,37303.49,0
NIFTY IT,2026-05-08,37260.92,37409.97,36876.25,37024.35,0
NIFTY IT,2026-05-11,37041.57,37189.73,36853.49,37001.5,0
NIFTY IT,2026-05-12,37003.07,37634.91,36855.05,37484.97,0
NIFTY IT,2026-05-13,37389.5,37539.06,36758.57,36906.2,0
NIFTY IT,2026-05-14,36768.4,37222.18,36621.33,37073.89,0
NIFTY IT,2026-05-15,37018.93,37167.0,36269.49,36415.15,0
NIFTY IT,2026-05-18,36484.29,36630.23,36226.78,36372.27,0
NIFTY IT,2026-05-19,36375.45,36520.95,35702.73,35846.12,0
NIFTY IT,2026-05-20,35896.56,36040.15,35438.94,35581.26,0
NIFTY IT,2026-05-21,35595.79,35740.61,35453.41,35598.22,0
NIFTY IT,2026-05-22,35619.86,35762.34,35181.31,35322.6,0
NIFTY IT,2026-05-25,35343.76,35485.13,34855.3,34995.28,0
NIFTY IT,2026-05-26,34911.64,35051.28,34517.51,34656.13,0
NIFTY IT,2026-05-27,34582.28,35247.49,34443.95,35107.07,0
NIFTY IT,2026-05-28,35180.73,35321.45,34782.34,34922.03,0
NIFTY IT,2026-05-29,34955.19,35095.01,34401.6,34539.76,0
NIFTY IT,2026-06-01,34493.59,35108.63,34355.62,34968.76,0
NIFTY IT,2026-06-02,34949.68,36000.57,34809.88,35857.14,0
NIFTY IT,2026-06-03,35877.34,36020.85,35149.91,35291.07,0
NIFTY IT,2026-06-04,35280.04,35421.16,34886.72,35026.83,0
NIFTY IT,2026-06-05,35199.94,35340.74,35009.62,35150.22,0
NIFTY IT,2026-06-08,35161.49,35889.25,35020.85,35746.27,0
NIFTY IT,2026-06-09,35756.9,35899.93,35414.52,35556.75,0
NIFTY IT,2026-06-10,35577.2,35857.81,35434.89,35714.95,0
NIFTY IT,2026-06-11,35747.56,36262.33,35604.57,36117.86,0
NIFTY IT,2026-06-12,36066.41,36301.9,35922.14,36157.27,0
NIFTY IT,2026-06-15,36130.52,36505.12,35986.0,36359.68,0
NIFTY IT,2026-06-16,36400.58,36546.18,36075.97,36220.85,0
NIFTY IT,2026-06-17,36283.13,36428.26,35757.23,35900.84,0
NIFTY IT,2026-06-18,35923.2,36066.89,35602.88,35745.86,0
NIFTY IT,2026-06-19,35613.7,35756.16,35425.31,35567.58,0
NIFTY IT,2026-06-22,35607.91,35814.15,35465.48,35671.46,0
NIFTY IT,2026-06-23,35711.79,35854.64,35453.39,35595.77,0
NIFTY IT,2026-06-24,35583.44,35848.97,35441.11,35706.15,0
NIFTY IT,2026-06-25,35665.7,36225.06,35523.03,36080.73,0
NIFTY IT,2026-06-26,36164.71,36309.37,35417.75,35559.99,0
NIFTY IT,2026-06-29,35538.91,35936.71,35396.76,35793.53,0
NIFTY IT,2026-06-30,35882.46,36103.38,35738.93,35959.54,0
NIFTY IT,2026-07-01,35892.63,36460.71,35749.06,36315.45,0
NIFTY IT,2026-07-02,36310.04,36455.28,35945.44,36089.8,0
NIFTY IT,2026-07-03,36227.83,36529.62,36082.92,36384.08,0
NIFTY IT,2026-07-06,36586.71,36873.77,36440.36,36726.86,0
NIFTY IT,2026-07-07,36705.18,37662.95,36558.36,37512.9,0
NIFTY IT,2026-07-08,37509.47,37999.3,37359.43,37847.9,0
NIFTY IT,2026-07-09,37925.49,38077.2,37665.51,37816.78,0
NIFTY IT,2026-07-10,37759.78,37910.82,37261.54,37411.18,0
NIFTY IT,2026-07-13,37368.16,37517.63,36857.34,37005.36,0
NIFTY IT,2026-07-14,36949.01,37779.48,36801.22,37628.96,0
NIFTY IT,2026-07-15,37745.78,37896.76,37531.41,37682.14,0
NIFTY IT,2026-07-16,37670.02,37820.7,37286.09,37435.83,0
NIFTY IT,2026-07-17,37418.79,37568.47,37062.22,37211.06,0
NIFTY IT,2026-07-20,37220.69,37577.75,37071.81,37428.03,0
NIFTY IT,2026-07-21,37399.74,37747.61,37250.14,37597.22,0
NIFTY IT,2026-07-22,37591.62,37741.99,37228.78,37378.29,0
NIFTY IT,2026-07-23,37406.61,37556.24,37058.04,37206.87,0
NIFTY IT,2026-07-24,37062.83,37270.56,36914.58,37122.07,0
NIFTY IT,2026-07-27,37069.12,37249.94,36920.84,37101.53,0
NIFTY IT,2026-07-28,37132.18,37280.71,36502.15,36648.75,0
NIFTY IT,2026-07-29,36622.26,36876.75,36475.77,36729.83,0
NIFTY IT,2026-07-30,36739.8,36966.82,36592.84,36819.54,0
NIFTY IT,2026-07-31,36734.25,36936.07,36587.31,36788.91,0
NIFTY IT,2026-08-03,36707.76,37256.82,36560.93,37108.39,0
NIFTY IT,2026-08-04,37061.97,37210.22,36130.95,36276.06,0
NIFTY IT,2026-08-05,36269.9,36414.98,36084.76,36229.67,0
NIFTY IT,2026-08-06,36216.65,36562.69,36071.78,36417.02,0
NIFTY IT,2026-08-07,36369.15,36579.5,36223.67,36433.76,0
NIFTY IT,2026-08-10,36494.86,36650.64,36348.88,36504.62,0
NIFTY IT,2026-08-11,36469.99,36615.87,35895.71,36039.87,0
NIFTY IT,2026-08-12,35989.77,36435.05,35845.81,36289.89,0
NIFTY IT,2026-08-13,36214.17,36939.91,36069.31,36792.74,0
NIFTY IT,2026-08-14,36812.17,36959.42,36261.75,36407.38,0
NIFTY IT,2026-08-17,36426.92,36907.86,36281.21,36760.82,0
NIFTY IT,2026-08-18,36857.7,37005.13,36605.65,36752.66,0
NIFTY IT,2026-08-19,36719.77,36866.65,36498.74,36645.32,0
NIFTY IT,2026-08-20,36659.28,36805.91,35902.84,36047.03,0
NIFTY IT,2026-08-21,36160.96,36333.14,36016.31,36188.39,0
NIFTY IT,2026-08-24,36200.0,36890.45,36055.2,36743.48,0
NIFTY IT,2026-08-25,36724.87,36871.77,36460.1,36606.52,0
NIFTY IT,2026-08-26,36595.16,37255.41,36448.78,37106.99,0
NIFTY IT,2026-08-27,37200.42,37595.26,37051.62,37445.48,0
NIFTY IT,2026-08-28,37515.61,37665.67,37157.3,37306.53,0
NIFTY IT,2026-08-31,37176.32,38226.88,37027.61,38074.58,0
NIFTY IT,2026-09-01,38108.66,38261.1,37815.86,37967.73,0
NIFTY IT,2026-09-02,37938.32,38546.51,37786.57,38392.94,0
NIFTY IT,2026-09-03,38419.45,39180.04,38265.77,39023.94,0
NIFTY IT,2026-09-04,39025.87,39181.98,38811.8,38967.67,0
NIFTY IT,2026-09-07,38990.84,39146.81,38667.73,38823.02,0
NIFTY IT,2026-09-08,38773.11,39198.5,38618.02,39042.33,0
NIFTY IT,2026-09-09,38918.38,39088.1,38762.71,38932.37,0
NIFTY IT,2026-09-10,38749.28,39360.62,38594.28,39203.81,0
NIFTY IT,2026-09-11,39084.17,39736.73,38927.83,39578.42,0
NIFTY IT,2026-09-14,39695.75,40205.72,39536.97,40045.54,0
NIFTY IT,2026-09-15,40150.43,40688.64,39989.83,40526.53,0
NIFTY IT,2026-09-16,40624.75,41326.48,40462.26,41161.83,0
NIFTY IT,2026-09-17,41009.31,41217.13,40845.28,41052.92,0
NIFTY IT,2026-09-18,41123.81,41288.3,40547.32,40710.16,0
NIFTY IT,2026-09-21,40760.52,40923.56,40342.18,40504.2,0
NIFTY IT,2026-09-22,40402.61,40669.83,40241.0,40507.8,0
NIFTY IT,2026-09-23,40603.81,40766.23,40154.61,40315.88,0
NIFTY IT,2026-09-24,40342.35,41045.88,40180.98,40882.35,0
NIFTY IT,2026-09-25,41037.42,41201.57,40725.92,40889.48,0
NIFTY IT,2026-09-28,41002.11,41166.11,40692.48,40855.9,0
NIFTY IT,2026-09-29,40753.49,40916.51,40459.55,40622.03,0
NIFTY IT,2026-09-30,40619.89,40782.37,40455.22,40617.69,0
NIFTY IT,2026-10-01,40637.4,40799.95,39883.38,40043.55,0
NIFTY IT,2026-10-02,40038.16,40198.32,39758.13,39917.8,0
NIFTY IT,2026-10-05,40034.78,40394.78,39874.64,40233.84,0
INDIA VIX,2025-10-21,13.0,13.39,12.61,13.0,0
INDIA VIX,2025-10-22,13.42,13.83,13.02,13.42,0
INDIA VIX,2025-10-23,14.03,14.45,13.61,14.03,0
INDIA VIX,2025-10-24,14.41,14.84,13.98,14.41,0
INDIA VIX,2025-10-27,14.74,15.19,14.3,14.74,0
INDIA VIX,2025-10-28,15.09,15.54,14.64,15.09,0
INDIA VIX,2025-10-29,16.07,16.56,15.59,16.07,0
INDIA VIX,2025-10-30,16.91,17.41,16.4,16.91,0
INDIA VIX,2025-10-31,17.22,17.74,16.7,17.22,0
INDIA VIX,2025-11-03,17.27,17.79,16.75,17.27,0
INDIA VIX,2025-11-04,17.66,18.19,17.13,17.66,0
INDIA VIX,2025-11-05,18.0,18.54,17.46,18.0,0
INDIA VIX,2025-11-06,17.97,18.51,17.43,17.97,0
INDIA VIX,2025-11-07,17.96,18.5,17.42,17.96,0
INDIA VIX,2025-11-10,17.69,18.22,17.16,17.69,0
INDIA VIX,2025-11-11,17.67,18.2,17.14,17.67,0
INDIA VIX,2025-11-12,17.0,17.51,16.49,17.0,0
INDIA VIX,2025-11-13,16.23,16.72,15.74,16.23,0
INDIA VIX,2025-11-14,15.9,16.37,15.42,15.9,0
INDIA VIX,2025-11-17,15.53,16.0,15.07,15.53,0
INDIA VIX,2025-11-18,15.58,16.05,15.12,15.58,0
INDIA VIX,2025-11-19,16.15,16.63,15.66,16.15,0
INDIA VIX,2025-11-20,16.17,16.65,15.68,16.17,0
INDIA VIX,2025-11-21,16.29,16.78,15.8,16.29,0
INDIA VIX,2025-11-24,16.36,16.85,15.87,16.36,0
INDIA VIX,2025-11-25,16.8,17.3,16.29,16.8,0
INDIA VIX,2025-11-26,16.75,17.26,16.25,16.75,0
INDIA VIX,2025-11-27,16.73,17.23,16.23,16.73,0
INDIA VIX,2025-11-28,16.52,17.02,16.03,16.52,0
INDIA VIX,2025-12-01,16.44,16.94,15.95,16.44,0
INDIA VIX,2025-12-02,16.77,17.28,16.27,16.77,0
INDIA VIX,2025-12-03,15.93,16.4,15.45,15.93,0
INDIA VIX,2025-12-04,16.02,16.5,15.54,16.02,0
INDIA VIX,2025-12-05,16.15,16.63,15.67,16.15,0
INDIA VIX,2025-12-08,16.4,16.89,15.91,16.4,0
INDIA VIX,2025-12-09,16.4,16.9,15.91,16.4,0
INDIA VIX,2025-12-10,16.8,17.31,16.3,16.8,0
INDIA VIX,2025-12-11,16.92,17.42,16.41,16.92,0
INDIA VIX,2025-12-12,17.44,17.96,16.91,17.44,0
INDIA VIX,2025-12-15,17.73,18.26,17.2,17.73,0
INDIA VIX,2025-12-16,17.13,17.64,16.61,17.13,0
INDIA VIX,2025-12-17,17.19,17.7,16.67,17.19,0
INDIA VIX,2025-12-18,16.99,17.5,16.48,16.99,0
INDIA VIX,2025-12-19,16.92,17.43,16.42,16.92,0
INDIA VIX,2025-12-22,16.77,17.27,16.26,16.77,0
INDIA VIX,2025-12-23,15.99,16.47,15.51,15.99,0
INDIA VIX,2025-12-24,16.34,16.83,15.85,16.34,0
INDIA VIX,2025-12-25,16.46,16.95,15.96,16.46,0
INDIA VIX,2025-12-26,15.94,16.42,15.46,15.94,0
INDIA VIX,2025-12-29,16.26,16.75,15.78,16.26,0
INDIA VIX,2025-12-30,16.75,17.25,16.24,16.75,0
INDIA VIX,2025-12-31,17.68,18.21,17.14,17.68,0
INDIA VIX,2026-01-01,17.71,18.24,17.18,17.71,0
INDIA VIX,2026-01-02,17.77,18.3,17.23,17.77,0
INDIA VIX,2026-01-05,18.87,19.43,18.3,18.87,0
INDIA VIX,2026-01-06,18.89,19.46,18.33,18.89,0
INDIA VIX,2026-01-07,18.27,18.82,17.72,18.27,0
INDIA VIX,2026-01-08,18.13,18.68,17.59,18.13,0
INDIA VIX,2026-01-09,18.27,18.82,17.72,18.27,0
INDIA VIX,2026-01-12,17.68,18.21,17.15,17.68,0
INDIA VIX,2026-01-13,17.56,18.09,17.04,17.56,0
INDIA VIX,2026-01-14,16.59,17.09,16.1,16.59,0
INDIA VIX,2026-01-15,16.64,17.14,16.14,16.64,0
INDIA VIX,2026-01-16,16.53,17.03,16.03,16.53,0
INDIA VIX,2026-01-19,15.97,16.45,15.49,15.97,0
INDIA VIX,2026-01-20,16.08,16.56,15.6,16.08,0
INDIA VIX,2026-01-21,15.88,16.35,15.4,15.88,0
INDIA VIX,2026-01-22,16.28,16.77,15.79,16.28,0
INDIA VIX,2026-01-23,16.47,16.97,15.98,16.47,0
INDIA VIX,2026-01-26,17.11,17.62,16.6,17.11,0
INDIA VIX,2026-01-27,16.87,17.38,16.37,16.87,0
INDIA VIX,2026-01-28,17.65,18.18,17.12,17.65,0
INDIA VIX,2026-01-29,18.1,18.64,17.56,18.1,0
INDIA VIX,2026-01-30,17.98,18.52,17.44,17.98,0
INDIA VIX,2026-02-02,18.2,18.74,17.65,18.2,0
INDIA VIX,2026-02-03,18.48,19.03,17.93,18.48,0
INDIA VIX,2026-02-04,19.09,19.66,18.51,19.09,0
INDIA VIX,2026-02-05,19.11,19.68,18.53,19.11,0
INDIA VIX,2026-02-06,19.6,20.19,19.01,19.6,0
INDIA VIX,2026-02-09,18.94,19.51,18.37,18.94,0
INDIA VIX,2026-02-10,18.67,19.23,18.11,18.67,0
INDIA VIX,2026-02-11,17.95,18.48,17.41,17.95,0
INDIA VIX,2026-02-12,17.62,18.15,17.09,17.62,0
INDIA VIX,2026-02-13,17.55,18.07,17.02,17.55,0
INDIA VIX,2026-02-16,16.82,17.33,16.32,16.82,0
INDIA VIX,2026-02-17,17.03,17.54,16.52,17.03,0
INDIA VIX,2026-02-18,16.6,17.1,16.11,16.6,0
INDIA VIX,2026-02-19,15.95,16.43,15.47,15.95,0
INDIA VIX,2026-02-20,15.9,16.37,15.42,15.9,0
INDIA VIX,2026-02-23,16.11,16.59,15.62,16.11,0
INDIA VIX,2026-02-24,16.34,16.83,15.85,16.34,0
INDIA VIX,2026-02-25,16.31,16.8,15.82,16.31,0
INDIA VIX,2026-02-26,16.58,17.08,16.08,16.58,0
INDIA VIX,2026-02-27,16.4,16.9,15.91,16.4,0
INDIA VIX,2026-03-02,16.67,17.17,16.17,16.67,0
INDIA VIX,2026-03-03,16.24,16.73,15.76,16.24,0
INDIA VIX,2026-03-04,16.13,16.61,15.64,16.13,0
INDIA VIX,2026-03-05,16.73,17.23,16.23,16.73,0
INDIA VIX,2026-03-06,16.09,16.58,15.61,16.09,0
INDIA VIX,2026-03-09,16.19,16.67,15.7,16.19,0
INDIA VIX,2026-03-10,16.27,16.76,15.78,16.27,0
INDIA VIX,2026-03-11,16.94,17.45,16.43,16.94,0
INDIA VIX,2026-03-12,17.29,17.81,16.77,17.29,0
INDIA VIX,2026-03-13,17.35,17.87,16.83,17.35,0
INDIA VIX,2026-03-16,16.89,17.39,16.38,16.89,0
INDIA VIX,2026-03-17,17.43,17.95,16.9,17.43,0
INDIA VIX,2026-03-18,17.91,18.45,17.37,17.91,0
INDIA VIX,2026-03-19,17.29,17.81,16.77,17.29,0
INDIA VIX,2026-03-20,17.2,17.72,16.68,17.2,0
INDIA VIX,2026-03-23,17.06,17.57,16.54,17.06,0
INDIA VIX,2026-03-24,16.89,17.39,16.38,16.89,0
INDIA VIX,2026-03-25,16.21,16.69,15.72,16.21,0
INDIA VIX,2026-03-26,15.37,15.83,14.91,15.37,0
INDIA VIX,2026-03-27,15.41,15.87,14.95,15.41,0
INDIA VIX,2026-03-30,15.47,15.93,15.0,15.47,0
INDIA VIX,2026-03-31,15.07,15.52,14.62,15.07,0
INDIA VIX,2026-04-01,15.28,15.74,14.82,15.28,0
INDIA VIX,2026-04-02,15.27,15.73,14.81,15.27,0
INDIA VIX,2026-04-03,15.47,15.94,15.01,15.47,0
INDIA VIX,2026-04-06,15.32,15.78,14.86,15.32,0
INDIA VIX,2026-04-07,15.67,16.14,15.2,15.67,0
INDIA VIX,2026-04-08,15.53,15.99,15.06,15.53,0
INDIA VIX,2026-04-09,15.55,16.02,15.09,15.55,0
INDIA VIX,2026-04-10,16.37,16.86,15.88,16.37,0
INDIA VIX,2026-04-13,16.71,17.21,16.21,16.71,0
INDIA VIX,2026-04-14,16.74,17.24,16.24,16.74,0
INDIA VIX,2026-04-15,15.87,16.35,15.4,15.87,0
INDIA VIX,2026-04-16,16.4,16.89,15.91,16.4,0
INDIA VIX,2026-04-17,16.23,16.71,15.74,16.23,0
INDIA VIX,2026-04-20,16.72,17.23,16.22,16.72,0
INDIA VIX,2026-04-21,16.33,16.82,15.84,16.33,0
INDIA VIX,2026-04-22,16.46,16.96,15.97,16.46,0
INDIA VIX,2026-04-23,16.48,16.97,15.99,16.48,0
INDIA VIX,2026-04-24,15.67,16.14,15.2,15.67,0
INDIA VIX,2026-04-27,15.59,16.06,15.13,15.59,0
INDIA VIX,2026-04-28,15.44,15.9,14.98,15.44,0
INDIA VIX,2026-04-29,15.69,16.16,15.22,15.69,0
INDIA VIX,2026-04-30,15.51,15.98,15.05,15.51,0
INDIA VIX,2026-05-01,16.48,16.98,15.99,16.48,0
INDIA VIX,2026-05-04,16.77,17.28,16.27,16.77,0
INDIA VIX,2026-05-05,16.71,17.21,16.21,16.71,0
INDIA VIX,2026-05-06,16.68,17.18,16.18,16.68,0
INDIA VIX,2026-05-07,17.28,17.8,16.77,17.28,0
INDIA VIX,2026-05-08,17.36,17.88,16.84,17.36,0
INDIA VIX,2026-05-11,17.28,17.8,16.76,17.28,0
INDIA VIX,2026-05-12,17.69,18.22,17.16,17.69,0
INDIA VIX,2026-05-13,17.9,18.44,17.36,17.9,0
INDIA VIX,2026-05-14,17.76,18.29,17.23,17.76,0
INDIA VIX,2026-05-15,17.52,18.05,17.0,17.52,0
INDIA VIX,2026-05-18,16.75,17.25,16.25,16.75,0
INDIA VIX,2026-05-19,16.88,17.39,16.38,16.88,0
INDIA VIX,2026-05-20,16.82,17.32,16.31,16.82,0
INDIA VIX,2026-05-21,16.17,16.65,15.68,16.17,0
INDIA VIX,2026-05-22,16.14,16.62,15.65,16.14,0
INDIA VIX,2026-05-25,16.04,16.52,15.56,16.04,0
INDIA VIX,2026-05-26,15.98,16.46,15.5,15.98,0
INDIA VIX,2026-05-27,16.73,17.23,16.23,16.73,0
INDIA VIX,2026-05-28,17.24,17.76,16.72,17.24,0
INDIA VIX,2026-05-29,16.86,17.37,16.36,16.86,0
INDIA VIX,2026-06-01,17.53,18.06,17.01,17.53,0
INDIA VIX,2026-06-02,18.69,19.25,18.13,18.69,0
INDIA VIX,2026-06-03,19.03,19.6,18.46,19.03,0
INDIA VIX,2026-06-04,19.02,19.59,18.45,19.02,0
INDIA VIX,2026-06-05,19.16,19.73,18.58,19.16,0
INDIA VIX,2026-06-08,19.51,20.1,18.93,19.51,0
INDIA VIX,2026-06-09,19.52,20.1,18.93,19.52,0
INDIA VIX,2026-06-10,18.41,18.96,17.86,18.41,0
INDIA VIX,2026-06-11,17.94,18.48,17.4,17.94,0
INDIA VIX,2026-06-12,17.58,18.1,17.05,17.58,0
INDIA VIX,2026-06-15,17.08,17.6,16.57,17.08,0
INDIA VIX,2026-06-16,15.9,16.38,15.42,15.9,0
INDIA VIX,2026-06-17,16.47,16.96,15.97,16.47,0
INDIA VIX,2026-06-18,16.72,17.22,16.22,16.72,0
INDIA VIX,2026-06-19,16.65,17.15,16.15,16.65,0
INDIA VIX,2026-06-22,16.55,17.05,16.05,16.55,0
INDIA VIX,2026-06-23,16.0,16.48,15.52,16.0,0
INDIA VIX,2026-06-24,15.98,16.46,15.5,15.98,0
INDIA VIX,2026-06-25,16.49,16.98,15.99,16.49,0
INDIA VIX,2026-06-26,16.47,16.96,15.98,16.47,0
INDIA VIX,2026-06-29,16.63,17.13,16.13,16.63,0
INDIA VIX,2026-06-30,16.78,17.29,16.28,16.78,0
INDIA VIX,2026-07-01,16.09,16.57,15.6,16.09,0
INDIA VIX,2026-07-02,16.6,17.1,16.1,16.6,0
INDIA VIX,2026-07-03,16.68,17.18,16.18,16.68,0
INDIA VIX,2026-07-06,16.25,16.74,15.76,16.25,0
INDIA VIX,2026-07-07,17.27,17.79,16.76,17.27,0
INDIA VIX,2026-07-08,17.8,18.33,17.26,17.8,0
INDIA VIX,2026-07-09,17.12,17.63,16.6,17.12,0
INDIA VIX,2026-07-10,17.13,17.64,16.62,17.13,0
INDIA VIX,2026-07-13,17.32,17.84,16.8,17.32,0
INDIA VIX,2026-07-14,17.51,18.04,16.99,17.51,0
INDIA VIX,2026-07-15,17.33,17.85,16.81,17.33,0
INDIA VIX,2026-07-16,16.73,17.24,16.23,16.73,0
INDIA VIX,2026-07-17,17.22,17.74,16.71,17.22,0
INDIA VIX,2026-07-20,17.44,17.97,16.92,17.44,0
INDIA VIX,2026-07-21,16.44,16.93,15.94,16.44,0
INDIA VIX,2026-07-22,16.23,16.71,15.74,16.23,0
INDIA VIX,2026-07-23,16.78,17.28,16.27,16.78,0
INDIA VIX,2026-07-24,16.77,17.27,16.27,16.77,0
INDIA VIX,2026-07-27,16.26,16.75,15.77,16.26,0
INDIA VIX,2026-07-28,15.95,16.43,15.47,15.95,0
INDIA VIX,2026-07-29,15.92,16.4,15.44,15.92,0
INDIA VIX,2026-07-30,15.71,16.18,15.24,15.71,0
INDIA VIX,2026-07-31,15.23,15.69,14.77,15.23,0
INDIA VIX,2026-08-03,15.65,16.12,15.18,15.65,0
INDIA VIX,2026-08-04,16.86,17.37,16.36,16.86,0
INDIA VIX,2026-08-05,16.46,16.95,15.96,16.46,0
INDIA VIX,2026-08-06,15.99,16.47,15.51,15.99,0
INDIA VIX,2026-08-07,15.87,16.35,15.39,15.87,0
INDIA VIX,2026-08-10,16.16,16.65,15.68,16.16,0
INDIA VIX,2026-08-11,17.01,17.52,16.5,17.01,0
INDIA VIX,2026-08-12,17.07,17.59,16.56,17.07,0
INDIA VIX,2026-08-13,18.03,18.57,17.49,18.03,0
INDIA VIX,2026-08-14,18.71,19.27,18.15,18.71,0
INDIA VIX,2026-08-17,18.68,19.24,18.12,18.68,0
INDIA VIX,2026-08-18,17.68,18.21,17.15,17.68,0
INDIA VIX,2026-08-19,17.92,18.45,17.38,17.92,0
INDIA VIX,2026-08-20,18.39,18.94,17.83,18.39,0
INDIA VIX,2026-08-21,18.62,19.18,18.07,18.62,0
INDIA VIX,2026-08-24,19.06,19.63,18.49,19.06,0
INDIA VIX,2026-08-25,18.12,18.67,17.58,18.12,0
INDIA VIX,2026-08-26,18.79,19.35,18.22,18.79,0
INDIA VIX,2026-08-27,18.46,19.01,17.91,18.46,0
INDIA VIX,2026-08-28,17.49,18.01,16.96,17.49,0
INDIA VIX,2026-08-31,18.11,18.66,17.57,18.11,0
INDIA VIX,2026-09-01,17.94,18.48,17.4,17.94,0
INDIA VIX,2026-09-02,18.34,18.89,17.79,18.34,0
INDIA VIX,2026-09-03,17.92,18.45,17.38,17.92,0
INDIA VIX,2026-09-04,17.89,18.43,17.36,17.89,0
INDIA VIX,2026-09-07,17.18,17.69,16.66,17.18,0
INDIA VIX,2026-09-08,17.8,18.33,17.26,17.8,0
INDIA VIX,2026-09-09,17.38,17.9,16.86,17.38,0
INDIA VIX,2026-09-10,16.87,17.38,16.36,16.87,0
INDIA VIX,2026-09-11,16.9,17.4,16.39,16.9,0
INDIA VIX,2026-09-14,16.15,16.63,15.67,16.15,0
INDIA VIX,2026-09-15,16.24,16.73,15.75,16.24,0
INDIA VIX,2026-09-16,16.67,17.17,16.17,16.67,0
INDIA VIX,2026-09-17,16.78,17.28,16.27,16.78,0
INDIA VIX,2026-09-18,17.12,17.64,16.61,17.12,0
INDIA VIX,2026-09-21,17.39,17.91,16.87,17.39,0
INDIA VIX,2026-09-22,17.09,17.6,16.57,17.09,0
INDIA VIX,2026-09-23,17.13,17.64,16.62,17.13,0
INDIA VIX,2026-09-24,17.45,17.98,16.93,17.45,0
INDIA VIX,2026-09-25,17.82,18.36,17.29,17.82,0
INDIA VIX,2026-09-28,17.42,17.94,16.9,17.42,0
INDIA VIX,2026-09-29,17.57,18.1,17.04,17.57,0
INDIA VIX,2026-09-30,16.77,17.28,16.27,16.77,0
INDIA VIX,2026-10-01,17.04,17.55,16.53,17.04,0
INDIA VIX,2026-10-02,16.67,17.17,16.17,16.67,0
INDIA VIX,2026-10-05,16.69,17.19,16.19,16.69,0
