rejection_id,order_id,client_id,symbol,side,qty,order_value,rejection_ts,reason_code,reason_text,source
REJ0000000,ORD20002196,C100076,HINDUNILVR,BUY,13,30980.3,2026-09-08 09:47:56.261,RMS-101,Insufficient margin / funds,RMS
REJ0000001,ORD20002123,C100178,HINDUNILVR,SELL,19,48985.8,2026-09-08 10:25:10.016,RMS-140,Short sell / insufficient holdings (CNC sell),RMS
REJ0000002,ORD20003685,C100011,RELIANCE,SELL,1,2985.0,2026-09-08 11:07:29.131,RMS-140,Short sell / insufficient holdings (CNC sell),RMS
REJ0000003,ORD20004411,C100199,RELIANCE,BUY,20,59800.0,2026-09-08 11:23:16.121,RMS-130,Instrument blocked / in ban or ASM list,RMS
REJ0000004,ORD20002637,C100168,ICICIBANK,BUY,3,3648.3,2026-09-08 12:01:45.212,EXC-305,Invalid quantity / lot or tick size,EXCHANGE
REJ0000005,ORD20004951,C100055,ONGC,SELL,231,64749.3,2026-09-08 12:21:56.344,RMS-101,Insufficient margin / funds,RMS
REJ0000006,ORD20000746,C100049,MARUTI,SELL,6,71514.3,2026-09-08 12:29:34.038,EXC-400,Market closed / session not open,EXCHANGE
REJ0000007,ORD20003447,C100089,HDFCBANK,SELL,4,6657.8,2026-09-08 13:30:45.170,EXC-210,Price outside circuit limit / price band,EXCHANGE
REJ0000008,ORD20004366,C100198,MARUTI,BUY,7,80991.4,2026-09-08 14:16:32.307,RMS-120,Order value exceeds per-order limit,RMS
REJ0000009,ORD20004573,C100128,RELIANCE,BUY,11,31832.9,2026-09-08 14:23:11.324,RMS-101,Insufficient margin / funds,RMS
REJ0000010,ORD20000112,C100174,AXISBANK,SELL,62,66783.3,2026-09-08 14:37:05.343,RMS-101,Insufficient margin / funds,RMS
REJ0000011,ORD20004403,C100045,HDFCBANK,SELL,6,9790.5,2026-09-08 14:38:46.164,RMS-140,Short sell / insufficient holdings (CNC sell),RMS
REJ0000012,ORD20004563,C100167,RELIANCE,SELL,9,25065.0,2026-09-08 14:55:38.378,RMS-120,Order value exceeds per-order limit,RMS
REJ0000013,ORD20000564,C100028,TATAMOTORS,BUY,7,6800.5,2026-09-08 14:55:51.057,EXC-305,Invalid quantity / lot or tick size,EXCHANGE
REJ0000014,ORD20004528,C100100,INFY,SELL,80,132452.0,2026-09-08 15:20:02.327,RMS-101,Insufficient margin / funds,RMS
REJ0000015,ORD20000861,C100126,ICICIBANK,BUY,58,70287.3,2026-09-08 15:22:28.081,EXC-210,Price outside circuit limit / price band,EXCHANGE
REJ0000016,ORD20003299,C100164,NTPC,BUY,27,10077.75,2026-09-09 10:17:40.272,RMS-101,Insufficient margin / funds,RMS
REJ0000017,ORD20002799,C100168,RELIANCE,BUY,50,148157.5,2026-09-09 10:54:51.353,RMS-130,Instrument blocked / in ban or ASM list,RMS
REJ0000018,ORD20000403,C100035,HINDUNILVR,SELL,10,24448.5,2026-09-09 10:59:43.277,EXC-210,Price outside circuit limit / price band,EXCHANGE
REJ0000019,ORD20002757,C100102,INFY,SELL,31,49476.0,2026-09-09 11:00:28.076,EXC-210,Price outside circuit limit / price band,EXCHANGE
REJ0000020,ORD20000830,C100052,AXISBANK,SELL,29,33418.15,2026-09-09 12:03:58.351,RMS-101,Insufficient margin / funds,RMS
REJ0000021,ORD20004545,C100120,KOTAKBANK,BUY,28,50380.4,2026-09-09 12:23:08.374,EXC-210,Price outside circuit limit / price band,EXCHANGE
REJ0000022,ORD20004414,C100048,RELIANCE,BUY,9,25609.05,2026-09-09 12:23:23.197,RMS-101,Insufficient margin / funds,RMS
REJ0000023,ORD20003460,C100013,TATAMOTORS,SELL,119,116382.0,2026-09-09 13:09:35.118,RMS-130,Instrument blocked / in ban or ASM list,RMS
REJ0000024,ORD20002350,C100004,HDFCBANK,SELL,5,7932.5,2026-09-09 13:58:12.258,RMS-130,Instrument blocked / in ban or ASM list,RMS
REJ0000025,ORD20003927,C100009,NTPC,SELL,10,3705.5,2026-09-09 14:16:55.388,RMS-101,Insufficient margin / funds,RMS
REJ0000026,ORD20000399,C100048,RELIANCE,BUY,11,30877.55,2026-09-09 15:04:59.387,EXC-210,Price outside circuit limit / price band,EXCHANGE
REJ0000027,ORD20000877,C100033,HDFCBANK,BUY,18,30602.7,2026-09-09 15:12:56.043,RMS-140,Short sell / insufficient holdings (CNC sell),RMS
REJ0000028,ORD20000039,C100075,TATAMOTORS,BUY,75,67713.75,2026-09-09 15:14:22.059,RMS-101,Insufficient margin / funds,RMS
REJ0000029,ORD20004262,C100093,NTPC,BUY,31,11243.7,2026-09-10 09:17:30.221,RMS-120,Order value exceeds per-order limit,RMS
REJ0000030,ORD20003977,C100188,ITC,BUY,17,7419.65,2026-09-10 09:39:01.345,RMS-101,Insufficient margin / funds,RMS
REJ0000031,ORD20003090,C100098,KOTAKBANK,BUY,10,17711.0,2026-09-10 10:31:20.019,EXC-210,Price outside circuit limit / price band,EXCHANGE
REJ0000032,ORD20001251,C100169,ICICIBANK,SELL,56,67410.0,2026-09-10 11:26:14.276,RMS-101,Insufficient margin / funds,RMS
REJ0000033,ORD20002458,C100131,HDFCBANK,BUY,3,4980.15,2026-09-10 12:00:14.106,RMS-101,Insufficient margin / funds,RMS
REJ0000034,ORD20001994,C100130,TATAMOTORS,BUY,16,15383.2,2026-09-10 12:20:28.121,RMS-101,Insufficient margin / funds,RMS
REJ0000035,ORD20000131,C100018,HDFCBANK,BUY,34,55114.0,2026-09-10 12:52:18.342,EXC-210,Price outside circuit limit / price band,EXCHANGE
REJ0000036,ORD20001041,C100198,ICICIBANK,BUY,110,129998.0,2026-09-10 12:52:56.118,RMS-101,Insufficient margin / funds,RMS
REJ0000037,ORD20001779,C100131,HINDUNILVR,BUY,6,14823.6,2026-09-10 13:26:27.078,RMS-130,Instrument blocked / in ban or ASM list,RMS
REJ0000038,ORD20004723,C100136,ICICIBANK,SELL,2,2375.1,2026-09-10 13:41:51.385,EXC-210,Price outside circuit limit / price band,EXCHANGE
REJ0000039,ORD20001855,C100173,TATAMOTORS,BUY,69,65608.65,2026-09-10 14:07:20.357,RMS-101,Insufficient margin / funds,RMS
REJ0000040,ORD20000938,C100066,HINDUNILVR,SELL,30,71034.0,2026-09-10 14:52:55.370,EXC-210,Price outside circuit limit / price band,EXCHANGE
REJ0000041,ORD20001477,C100078,ICICIBANK,BUY,43,54732.55,2026-09-10 15:17:05.237,RMS-101,Insufficient margin / funds,RMS
REJ0000042,ORD20004911,C100155,RELIANCE,BUY,4,11990.0,2026-09-11 09:21:08.108,RMS-101,Insufficient margin / funds,RMS
REJ0000043,ORD20003957,C100002,HINDUNILVR,SELL,21,49443.45,2026-09-11 09:33:47.291,RMS-101,Insufficient margin / funds,RMS
REJ0000044,ORD20003336,C100051,TATAMOTORS,SELL,15,13937.25,2026-09-11 09:44:24.305,RMS-130,Instrument blocked / in ban or ASM list,RMS
REJ0000045,ORD20002221,C100128,INFY,BUY,6,9515.7,2026-09-11 10:06:10.146,EXC-210,Price outside circuit limit / price band,EXCHANGE
REJ0000046,ORD20001133,C100160,INFY,SELL,19,30893.05,2026-09-11 10:13:41.234,RMS-101,Insufficient margin / funds,RMS
REJ0000047,ORD20001950,C100020,BHARTIARTL,SELL,24,33505.2,2026-09-11 10:32:42.394,EXC-210,Price outside circuit limit / price band,EXCHANGE
REJ0000048,ORD20001352,C100137,TATAMOTORS,SELL,84,82131.0,2026-09-11 10:48:25.231,RMS-101,Insufficient margin / funds,RMS
REJ0000049,ORD20004029,C100112,AXISBANK,SELL,57,63081.9,2026-09-11 11:09:38.331,EXC-305,Invalid quantity / lot or tick size,EXCHANGE
REJ0000050,ORD20000501,C100189,HINDUNILVR,BUY,9,21476.25,2026-09-11 11:19:53.016,RMS-140,Short sell / insufficient holdings (CNC sell),RMS
REJ0000051,ORD20003200,C100026,BHARTIARTL,BUY,9,12788.1,2026-09-11 12:08:16.365,RMS-101,Insufficient margin / funds,RMS
REJ0000052,ORD20001030,C100145,NTPC,SELL,381,139312.65,2026-09-11 12:41:41.385,RMS-101,Insufficient margin / funds,RMS
REJ0000053,ORD20001536,C100022,HINDUNILVR,BUY,23,54982.65,2026-09-11 13:17:11.062,EXC-305,Invalid quantity / lot or tick size,EXCHANGE
REJ0000054,ORD20001954,C100123,ITC,BUY,195,83723.25,2026-09-11 14:18:29.176,RMS-120,Order value exceeds per-order limit,RMS
REJ0000055,ORD20004068,C100122,TITAN,SELL,18,58647.6,2026-09-11 14:19:56.110,RMS-130,Instrument blocked / in ban or ASM list,RMS
REJ0000056,ORD20000545,C100167,HDFCBANK,BUY,9,14442.75,2026-09-11 15:03:00.223,RMS-120,Order value exceeds per-order limit,RMS
REJ0000057,ORD20004701,C100018,TCS,SELL,1,3883.1,2026-09-11 15:12:03.337,RMS-101,Insufficient margin / funds,RMS
REJ0000058,ORD20000941,C100148,LT,SELL,8,28231.6,2026-09-14 09:51:24.078,RMS-130,Instrument blocked / in ban or ASM list,RMS
REJ0000059,ORD20002347,C100167,MARUTI,BUY,5,61221.0,2026-09-14 10:55:06.269,RMS-101,Insufficient margin / funds,RMS
REJ0000060,ORD20003525,C100128,RELIANCE,BUY,1,3043.8,2026-09-14 10:59:06.055,RMS-101,Insufficient margin / funds,RMS
REJ0000061,ORD20000790,C100059,ICICIBANK,SELL,6,6973.2,2026-09-14 12:11:20.157,RMS-140,Short sell / insufficient holdings (CNC sell),RMS
REJ0000062,ORD20003837,C100015,TCS,BUY,1,3987.0,2026-09-14 12:55:47.221,RMS-120,Order value exceeds per-order limit,RMS
REJ0000063,ORD20001556,C100067,NTPC,SELL,360,130626.0,2026-09-14 13:22:12.188,RMS-101,Insufficient margin / funds,RMS
REJ0000064,ORD20002208,C100011,ITC,SELL,149,65843.1,2026-09-14 13:52:17.052,RMS-101,Insufficient margin / funds,RMS
REJ0000065,ORD20003743,C100118,ICICIBANK,SELL,7,8403.15,2026-09-14 14:03:34.178,RMS-101,Insufficient margin / funds,RMS
REJ0000066,ORD20001876,C100097,BHARTIARTL,BUY,10,13753.0,2026-09-14 14:44:00.136,EXC-210,Price outside circuit limit / price band,EXCHANGE
REJ0000067,ORD20002558,C100181,HDFCBANK,SELL,56,94547.6,2026-09-14 15:13:36.225,EXC-400,Market closed / session not open,EXCHANGE
REJ0000068,ORD20002155,C100186,RELIANCE,BUY,2,5727.8,2026-09-15 09:16:12.136,EXC-305,Invalid quantity / lot or tick size,EXCHANGE
REJ0000069,ORD20003126,C100133,MARUTI,BUY,1,12742.65,2026-09-15 09:21:24.198,EXC-305,Invalid quantity / lot or tick size,EXCHANGE
REJ0000070,ORD20002920,C100121,TATAMOTORS,BUY,119,111235.25,2026-09-15 09:28:30.381,RMS-120,Order value exceeds per-order limit,RMS
REJ0000071,ORD20004413,C100022,HDFCBANK,BUY,80,132252.0,2026-09-15 10:24:46.184,RMS-101,Insufficient margin / funds,RMS
REJ0000072,ORD20000728,C100044,HINDUNILVR,SELL,8,19529.6,2026-09-15 10:31:25.294,EXC-210,Price outside circuit limit / price band,EXCHANGE
REJ0000073,ORD20002117,C100119,HINDUNILVR,BUY,13,31354.05,2026-09-15 11:23:19.134,RMS-101,Insufficient margin / funds,RMS
REJ0000074,ORD20002174,C100052,HDFCBANK,BUY,29,49243.45,2026-09-15 12:26:59.271,RMS-101,Insufficient margin / funds,RMS
REJ0000075,ORD20002059,C100065,ASIANPAINT,BUY,1,3039.45,2026-09-15 12:43:33.182,RMS-101,Insufficient margin / funds,RMS
REJ0000076,ORD20003050,C100130,AXISBANK,BUY,5,5660.0,2026-09-15 13:14:28.250,EXC-400,Market closed / session not open,EXCHANGE
REJ0000077,ORD20004142,C100107,RELIANCE,SELL,22,59768.5,2026-09-15 13:37:47.075,RMS-101,Insufficient margin / funds,RMS
REJ0000078,ORD20004487,C100160,ITC,BUY,10,4892.0,2026-09-15 14:20:01.334,EXC-210,Price outside circuit limit / price band,EXCHANGE
REJ0000079,ORD20000491,C100111,ITC,BUY,222,96203.7,2026-09-15 14:33:07.080,EXC-400,Market closed / session not open,EXCHANGE
REJ0000080,ORD20004790,C100095,ASIANPAINT,SELL,4,11757.8,2026-09-15 15:16:06.072,EXC-305,Invalid quantity / lot or tick size,EXCHANGE
REJ0000081,ORD20003309,C100131,ONGC,BUY,37,9677.35,2026-09-16 10:36:42.276,RMS-101,Insufficient margin / funds,RMS
REJ0000082,ORD20001457,C100171,BHARTIARTL,SELL,23,31799.8,2026-09-16 10:37:23.121,EXC-210,Price outside circuit limit / price band,EXCHANGE
REJ0000083,ORD20003245,C100051,HINDUNILVR,BUY,13,30926.35,2026-09-16 11:30:54.386,EXC-305,Invalid quantity / lot or tick size,EXCHANGE
REJ0000084,ORD20004670,C100185,ITC,SELL,20,8858.0,2026-09-16 12:01:52.274,EXC-210,Price outside circuit limit / price band,EXCHANGE
REJ0000085,ORD20001152,C100039,MARUTI,SELL,1,12033.7,2026-09-16 12:33:03.088,RMS-101,Insufficient margin / funds,RMS
REJ0000086,ORD20004919,C100041,BHARTIARTL,BUY,20,27769.0,2026-09-16 13:10:52.389,RMS-120,Order value exceeds per-order limit,RMS
REJ0000087,ORD20003321,C100048,RELIANCE,BUY,1,2840.95,2026-09-16 13:11:10.365,EXC-210,Price outside circuit limit / price band,EXCHANGE
REJ0000088,ORD20002603,C100172,HDFCBANK,SELL,3,4851.9,2026-09-16 13:15:51.121,EXC-210,Price outside circuit limit / price band,EXCHANGE
REJ0000089,ORD20002336,C100176,ICICIBANK,BUY,21,26077.8,2026-09-16 13:43:50.252,RMS-101,Insufficient margin / funds,RMS
REJ0000090,ORD20000990,C100129,NTPC,SELL,396,146143.8,2026-09-16 13:57:08.179,EXC-400,Market closed / session not open,EXCHANGE
REJ0000091,ORD20004845,C100011,HINDUNILVR,SELL,5,11887.5,2026-09-16 15:15:25.381,EXC-400,Market closed / session not open,EXCHANGE
REJ0000092,ORD20004619,C100042,MARUTI,BUY,1,11807.65,2026-09-17 09:41:47.384,RMS-101,Insufficient margin / funds,RMS
REJ0000093,ORD20002163,C100019,ITC,SELL,74,31849.6,2026-09-17 10:09:30.161,RMS-101,Insufficient margin / funds,RMS
REJ0000094,ORD20004781,C100114,NTPC,SELL,222,84271.2,2026-09-17 10:47:16.363,RMS-101,Insufficient margin / funds,RMS
REJ0000095,ORD20002594,C100075,ITC,BUY,21,9403.8,2026-09-17 10:50:54.277,RMS-120,Order value exceeds per-order limit,RMS
REJ0000096,ORD20003942,C100157,INFY,BUY,1,1591.0,2026-09-17 10:59:17.041,RMS-101,Insufficient margin / funds,RMS
REJ0000097,ORD20001790,C100170,INFY,BUY,41,63609.45,2026-09-17 11:28:22.219,RMS-120,Order value exceeds per-order limit,RMS
REJ0000098,ORD20004645,C100048,AXISBANK,BUY,4,4535.0,2026-09-17 11:59:38.159,RMS-140,Short sell / insufficient holdings (CNC sell),RMS
REJ0000099,ORD20000870,C100082,MARUTI,SELL,1,12121.55,2026-09-17 12:05:31.391,RMS-101,Insufficient margin / funds,RMS
REJ0000100,ORD20000457,C100081,NTPC,SELL,61,22652.35,2026-09-17 12:38:36.082,RMS-101,Insufficient margin / funds,RMS
REJ0000101,ORD20003030,C100191,ITC,BUY,148,65978.4,2026-09-17 12:47:09.028,RMS-101,Insufficient margin / funds,RMS
REJ0000102,ORD20003879,C100006,SBIN,BUY,144,119959.2,2026-09-17 12:55:56.060,RMS-101,Insufficient margin / funds,RMS
REJ0000103,ORD20002764,C100085,SBIN,SELL,6,4784.7,2026-09-17 13:09:06.028,EXC-400,Market closed / session not open,EXCHANGE
REJ0000104,ORD20004955,C100168,MARUTI,BUY,1,12060.15,2026-09-17 13:10:41.202,RMS-101,Insufficient margin / funds,RMS
REJ0000105,ORD20004073,C100090,TITAN,BUY,1,3444.45,2026-09-17 13:44:33.346,RMS-120,Order value exceeds per-order limit,RMS
REJ0000106,ORD20000061,C100080,ITC,BUY,26,11299.6,2026-09-17 14:14:40.199,EXC-210,Price outside circuit limit / price band,EXCHANGE
REJ0000107,ORD20002412,C100123,TATAMOTORS,BUY,14,13364.4,2026-09-17 14:28:17.026,RMS-101,Insufficient margin / funds,RMS
REJ0000108,ORD20004593,C100160,RELIANCE,SELL,19,54758.95,2026-09-17 14:32:52.345,RMS-101,Insufficient margin / funds,RMS
REJ0000109,ORD20004144,C100094,TATAMOTORS,BUY,109,101348.2,2026-09-17 14:44:27.363,RMS-130,Instrument blocked / in ban or ASM list,RMS
REJ0000110,ORD20001877,C100084,BHARTIARTL,SELL,20,27450.0,2026-09-17 14:52:35.305,RMS-130,Instrument blocked / in ban or ASM list,RMS
REJ0000111,ORD20001889,C100177,TATAMOTORS,SELL,5,4791.5,2026-09-17 14:59:48.042,RMS-101,Insufficient margin / funds,RMS
REJ0000112,ORD20000502,C100153,ONGC,BUY,161,42600.6,2026-09-17 15:01:34.094,RMS-120,Order value exceeds per-order limit,RMS
REJ0000113,ORD20003216,C100186,KOTAKBANK,BUY,81,141280.2,2026-09-17 15:04:38.049,EXC-210,Price outside circuit limit / price band,EXCHANGE
REJ0000114,ORD20000825,C100069,ICICIBANK,SELL,29,35385.8,2026-09-18 09:50:58.266,RMS-101,Insufficient margin / funds,RMS
REJ0000115,ORD20000849,C100197,HINDUNILVR,BUY,2,4673.2,2026-09-18 09:59:26.135,RMS-101,Insufficient margin / funds,RMS
REJ0000116,ORD20002674,C100013,ONGC,SELL,99,27987.3,2026-09-18 10:12:58.025,RMS-101,Insufficient margin / funds,RMS
REJ0000117,ORD20003272,C100043,RELIANCE,BUY,4,11718.4,2026-09-18 10:18:07.292,EXC-305,Invalid quantity / lot or tick size,EXCHANGE
REJ0000118,ORD20000315,C100132,BHARTIARTL,SELL,4,5523.2,2026-09-18 10:28:34.298,EXC-210,Price outside circuit limit / price band,EXCHANGE
REJ0000119,ORD20004709,C100059,MARUTI,BUY,8,99911.6,2026-09-18 10:38:39.232,RMS-130,Instrument blocked / in ban or ASM list,RMS
REJ0000120,ORD20002108,C100194,ICICIBANK,SELL,56,66539.2,2026-09-18 10:40:14.073,RMS-140,Short sell / insufficient holdings (CNC sell),RMS
REJ0000121,ORD20004517,C100057,HDFCBANK,BUY,39,64568.4,2026-09-18 10:43:25.364,EXC-210,Price outside circuit limit / price band,EXCHANGE
REJ0000122,ORD20003800,C100142,ICICIBANK,BUY,5,6054.0,2026-09-18 11:14:36.162,EXC-210,Price outside circuit limit / price band,EXCHANGE
REJ0000123,ORD20003801,C100183,NTPC,SELL,14,4858.7,2026-09-18 11:39:30.253,RMS-140,Short sell / insufficient holdings (CNC sell),RMS
REJ0000124,ORD20002589,C100092,ITC,BUY,124,54064.0,2026-09-18 11:52:54.010,RMS-101,Insufficient margin / funds,RMS
REJ0000125,ORD20001303,C100014,RELIANCE,BUY,1,2946.65,2026-09-18 12:07:36.240,RMS-101,Insufficient margin / funds,RMS
REJ0000126,ORD20000626,C100102,TITAN,BUY,8,26765.2,2026-09-18 12:20:34.357,EXC-210,Price outside circuit limit / price band,EXCHANGE
REJ0000127,ORD20002213,C100116,AXISBANK,SELL,64,74272.0,2026-09-18 12:31:43.230,EXC-210,Price outside circuit limit / price band,EXCHANGE
REJ0000128,ORD20000009,C100084,HINDUNILVR,BUY,11,26071.1,2026-09-18 13:43:08.115,EXC-400,Market closed / session not open,EXCHANGE
REJ0000129,ORD20001730,C100098,ITC,BUY,112,51469.6,2026-09-18 14:15:30.165,EXC-210,Price outside circuit limit / price band,EXCHANGE
REJ0000130,ORD20001535,C100032,ONGC,BUY,22,5989.5,2026-09-18 14:47:46.109,EXC-210,Price outside circuit limit / price band,EXCHANGE
REJ0000131,ORD20000310,C100154,ITC,SELL,19,8415.1,2026-09-18 14:59:45.257,EXC-210,Price outside circuit limit / price band,EXCHANGE
REJ0000132,ORD20000739,C100076,RELIANCE,BUY,5,14343.5,2026-09-18 15:12:09.215,EXC-210,Price outside circuit limit / price band,EXCHANGE
REJ0000133,ORD20001980,C100062,ONGC,BUY,40,10384.0,2026-09-21 09:22:03.389,EXC-400,Market closed / session not open,EXCHANGE
REJ0000134,ORD20003522,C100141,HDFCBANK,SELL,6,9928.8,2026-09-21 09:41:29.014,RMS-120,Order value exceeds per-order limit,RMS
REJ0000135,ORD20001857,C100125,AXISBANK,BUY,4,4775.4,2026-09-21 10:01:18.388,RMS-130,Instrument blocked / in ban or ASM list,RMS
REJ0000136,ORD20000795,C100155,NTPC,SELL,35,12106.5,2026-09-21 10:52:57.114,RMS-101,Insufficient margin / funds,RMS
REJ0000137,ORD20003778,C100047,HINDUNILVR,BUY,50,123377.5,2026-09-21 11:02:50.048,EXC-400,Market closed / session not open,EXCHANGE
REJ0000138,ORD20004886,C100137,BHARTIARTL,BUY,40,58822.0,2026-09-21 11:10:47.107,RMS-140,Short sell / insufficient holdings (CNC sell),RMS
REJ0000139,ORD20001103,C100004,RELIANCE,BUY,4,11412.6,2026-09-21 11:33:20.184,RMS-140,Short sell / insufficient holdings (CNC sell),RMS
REJ0000140,ORD20004184,C100149,INFY,SELL,22,37600.2,2026-09-21 11:42:03.301,RMS-140,Short sell / insufficient holdings (CNC sell),RMS
REJ0000141,ORD20004499,C100065,KOTAKBANK,SELL,7,11943.05,2026-09-21 11:43:23.238,EXC-305,Invalid quantity / lot or tick size,EXCHANGE
REJ0000142,ORD20000792,C100109,MARUTI,BUY,2,23899.2,2026-09-21 12:28:42.095,EXC-305,Invalid quantity / lot or tick size,EXCHANGE
REJ0000143,ORD20004569,C100177,ITC,SELL,9,3983.4,2026-09-21 12:28:55.287,RMS-101,Insufficient margin / funds,RMS
REJ0000144,ORD20001826,C100059,MARUTI,BUY,6,66800.7,2026-09-21 12:44:19.020,RMS-101,Insufficient margin / funds,RMS
REJ0000145,ORD20002361,C100073,HDFCBANK,SELL,55,84086.75,2026-09-21 13:14:03.123,RMS-130,Instrument blocked / in ban or ASM list,RMS
REJ0000146,ORD20001236,C100187,ICICIBANK,SELL,5,6225.0,2026-09-21 13:14:13.384,RMS-101,Insufficient margin / funds,RMS
REJ0000147,ORD20002516,C100087,ITC,SELL,135,60797.25,2026-09-21 13:18:08.393,RMS-120,Order value exceeds per-order limit,RMS
REJ0000148,ORD20002892,C100115,BHARTIARTL,BUY,30,42679.5,2026-09-21 13:23:53.129,RMS-120,Order value exceeds per-order limit,RMS
REJ0000149,ORD20002951,C100119,KOTAKBANK,SELL,6,10399.8,2026-09-21 13:41:50.169,RMS-120,Order value exceeds per-order limit,RMS
REJ0000150,ORD20004360,C100168,HINDUNILVR,BUY,2,4888.6,2026-09-21 14:49:28.144,RMS-101,Insufficient margin / funds,RMS
REJ0000151,ORD20003337,C100058,ICICIBANK,BUY,56,69594.0,2026-09-21 15:11:28.117,EXC-400,Market closed / session not open,EXCHANGE
REJ0000152,ORD20000445,C100158,HINDUNILVR,BUY,7,16704.45,2026-09-22 09:46:07.079,RMS-101,Insufficient margin / funds,RMS
REJ0000153,ORD20003253,C100114,HINDUNILVR,SELL,4,10055.6,2026-09-22 10:18:50.313,EXC-305,Invalid quantity / lot or tick size,EXCHANGE
REJ0000154,ORD20001427,C100095,ITC,BUY,98,43962.8,2026-09-22 10:27:07.262,RMS-101,Insufficient margin / funds,RMS
REJ0000155,ORD20002232,C100020,RELIANCE,SELL,1,2840.1,2026-09-22 10:58:45.237,RMS-130,Instrument blocked / in ban or ASM list,RMS
REJ0000156,ORD20004265,C100110,SBIN,BUY,27,21411.0,2026-09-22 11:46:32.310,EXC-305,Invalid quantity / lot or tick size,EXCHANGE
REJ0000157,ORD20003271,C100142,ITC,SELL,14,6251.0,2026-09-22 11:47:13.362,RMS-140,Short sell / insufficient holdings (CNC sell),RMS
REJ0000158,ORD20004456,C100035,ASIANPAINT,SELL,2,5994.8,2026-09-22 12:55:03.342,RMS-101,Insufficient margin / funds,RMS
REJ0000159,ORD20004721,C100114,HINDUNILVR,BUY,6,13744.5,2026-09-22 13:08:08.047,RMS-130,Instrument blocked / in ban or ASM list,RMS
REJ0000160,ORD20000174,C100144,HINDUNILVR,BUY,15,35814.75,2026-09-22 13:15:05.308,RMS-101,Insufficient margin / funds,RMS
REJ0000161,ORD20004760,C100135,HINDUNILVR,BUY,6,13912.8,2026-09-22 13:26:51.026,RMS-101,Insufficient margin / funds,RMS
REJ0000162,ORD20003971,C100169,HINDUNILVR,BUY,13,31325.45,2026-09-22 14:34:45.286,RMS-101,Insufficient margin / funds,RMS
REJ0000163,ORD20000202,C100186,ITC,SELL,122,51227.8,2026-09-23 09:39:30.377,EXC-305,Invalid quantity / lot or tick size,EXCHANGE
REJ0000164,ORD20003839,C100139,NTPC,BUY,43,14871.55,2026-09-23 09:45:38.372,RMS-140,Short sell / insufficient holdings (CNC sell),RMS
REJ0000165,ORD20002236,C100195,AXISBANK,BUY,57,66373.65,2026-09-23 09:54:17.181,RMS-120,Order value exceeds per-order limit,RMS
REJ0000166,ORD20002075,C100138,RELIANCE,BUY,10,28923.5,2026-09-23 10:20:37.388,RMS-101,Insufficient margin / funds,RMS
REJ0000167,ORD20004256,C100163,ITC,SELL,131,56847.45,2026-09-23 10:41:38.090,EXC-210,Price outside circuit limit / price band,EXCHANGE
REJ0000168,ORD20000365,C100141,AXISBANK,SELL,6,6942.0,2026-09-23 11:24:57.368,RMS-101,Insufficient margin / funds,RMS
REJ0000169,ORD20002061,C100061,RELIANCE,SELL,10,28590.5,2026-09-23 12:27:18.298,RMS-101,Insufficient margin / funds,RMS
REJ0000170,ORD20002550,C100075,HINDUNILVR,BUY,2,5030.2,2026-09-23 12:36:31.318,EXC-305,Invalid quantity / lot or tick size,EXCHANGE
REJ0000171,ORD20003103,C100122,RELIANCE,SELL,6,17228.7,2026-09-23 12:38:15.398,RMS-101,Insufficient margin / funds,RMS
REJ0000172,ORD20004337,C100191,INFY,SELL,2,3226.8,2026-09-23 13:05:37.307,RMS-120,Order value exceeds per-order limit,RMS
REJ0000173,ORD20003537,C100060,ICICIBANK,BUY,60,68958.0,2026-09-23 14:13:41.399,EXC-210,Price outside circuit limit / price band,EXCHANGE
REJ0000174,ORD20001844,C100088,AXISBANK,SELL,3,3370.5,2026-09-23 14:22:01.176,RMS-101,Insufficient margin / funds,RMS
REJ0000175,ORD20001007,C100125,RELIANCE,BUY,17,49162.3,2026-09-23 14:43:32.385,RMS-101,Insufficient margin / funds,RMS
REJ0000176,ORD20002384,C100007,ITC,SELL,17,7911.8,2026-09-23 15:08:27.326,RMS-101,Insufficient margin / funds,RMS
REJ0000177,ORD20004706,C100198,ONGC,BUY,20,5647.0,2026-09-24 09:48:18.066,RMS-120,Order value exceeds per-order limit,RMS
REJ0000178,ORD20001211,C100185,BHARTIARTL,SELL,3,4185.15,2026-09-24 10:03:55.152,EXC-305,Invalid quantity / lot or tick size,EXCHANGE
REJ0000179,ORD20000504,C100011,RELIANCE,BUY,10,28859.0,2026-09-24 11:27:37.340,EXC-400,Market closed / session not open,EXCHANGE
REJ0000180,ORD20001578,C100058,INFY,SELL,5,8199.25,2026-09-24 11:37:07.248,RMS-101,Insufficient margin / funds,RMS
REJ0000181,ORD20004116,C100170,BHARTIARTL,SELL,3,4113.75,2026-09-24 12:25:08.054,RMS-101,Insufficient margin / funds,RMS
REJ0000182,ORD20000044,C100116,TITAN,SELL,17,57362.25,2026-09-24 12:30:18.240,EXC-210,Price outside circuit limit / price band,EXCHANGE
REJ0000183,ORD20003964,C100110,RELIANCE,BUY,13,38853.1,2026-09-24 13:06:33.145,RMS-130,Instrument blocked / in ban or ASM list,RMS
REJ0000184,ORD20004874,C100020,HDFCBANK,BUY,11,18946.4,2026-09-24 13:25:11.050,RMS-120,Order value exceeds per-order limit,RMS
REJ0000185,ORD20002440,C100023,INFY,BUY,1,1572.15,2026-09-24 13:52:04.075,RMS-140,Short sell / insufficient holdings (CNC sell),RMS
REJ0000186,ORD20000200,C100071,BHARTIARTL,SELL,33,45360.15,2026-09-24 14:29:16.086,RMS-101,Insufficient margin / funds,RMS
REJ0000187,ORD20001858,C100185,RELIANCE,SELL,9,26509.5,2026-09-24 15:03:32.145,EXC-305,Invalid quantity / lot or tick size,EXCHANGE
REJ0000188,ORD20000918,C100031,ITC,BUY,48,21055.2,2026-09-24 15:21:28.358,EXC-305,Invalid quantity / lot or tick size,EXCHANGE
REJ0000189,ORD20004324,C100193,NTPC,SELL,7,2500.75,2026-09-24 15:22:52.102,RMS-101,Insufficient margin / funds,RMS
REJ0000190,ORD20001848,C100140,ITC,BUY,23,10576.55,2026-09-25 09:54:16.074,RMS-101,Insufficient margin / funds,RMS
REJ0000191,ORD20000678,C100009,BHARTIARTL,BUY,8,10990.8,2026-09-25 10:28:34.359,EXC-210,Price outside circuit limit / price band,EXCHANGE
REJ0000192,ORD20004183,C100049,ITC,SELL,75,33461.25,2026-09-25 10:43:54.199,RMS-101,Insufficient margin / funds,RMS
REJ0000193,ORD20003256,C100051,HINDUNILVR,SELL,4,9454.6,2026-09-25 11:08:13.395,RMS-101,Insufficient margin / funds,RMS
REJ0000194,ORD20001436,C100145,HDFCBANK,SELL,18,28773.9,2026-09-25 11:17:33.126,EXC-305,Invalid quantity / lot or tick size,EXCHANGE
REJ0000195,ORD20003389,C100123,HINDUNILVR,SELL,6,14383.8,2026-09-25 11:57:38.073,RMS-101,Insufficient margin / funds,RMS
REJ0000196,ORD20000633,C100079,MARUTI,SELL,1,12536.55,2026-09-25 12:13:05.344,EXC-305,Invalid quantity / lot or tick size,EXCHANGE
REJ0000197,ORD20000449,C100016,AXISBANK,BUY,57,64159.2,2026-09-25 12:20:49.056,EXC-210,Price outside circuit limit / price band,EXCHANGE
REJ0000198,ORD20001124,C100103,ICICIBANK,SELL,30,35061.0,2026-09-25 12:23:40.296,RMS-101,Insufficient margin / funds,RMS
REJ0000199,ORD20004477,C100153,ITC,BUY,322,148103.9,2026-09-25 12:56:38.069,EXC-305,Invalid quantity / lot or tick size,EXCHANGE
REJ0000200,ORD20004033,C100135,BHARTIARTL,BUY,2,2796.8,2026-09-25 13:49:40.341,RMS-101,Insufficient margin / funds,RMS
REJ0000201,ORD20002681,C100030,HINDUNILVR,BUY,48,119618.4,2026-09-28 09:50:02.228,RMS-101,Insufficient margin / funds,RMS
REJ0000202,ORD20004313,C100078,TCS,BUY,7,26601.75,2026-09-28 10:12:33.060,RMS-120,Order value exceeds per-order limit,RMS
REJ0000203,ORD20000370,C100157,ITC,BUY,82,36936.9,2026-09-28 11:13:46.353,RMS-101,Insufficient margin / funds,RMS
REJ0000204,ORD20002714,C100187,SBIN,BUY,3,2451.9,2026-09-28 11:31:32.115,RMS-101,Insufficient margin / funds,RMS
REJ0000205,ORD20003827,C100160,ITC,SELL,140,60935.0,2026-09-28 12:01:15.299,EXC-210,Price outside circuit limit / price band,EXCHANGE
REJ0000206,ORD20001422,C100020,ICICIBANK,BUY,34,40106.4,2026-09-28 12:02:09.078,EXC-210,Price outside circuit limit / price band,EXCHANGE
REJ0000207,ORD20002928,C100127,ICICIBANK,SELL,26,31600.4,2026-09-28 12:41:00.171,EXC-305,Invalid quantity / lot or tick size,EXCHANGE
REJ0000208,ORD20002402,C100166,HDFCBANK,BUY,20,33944.0,2026-09-28 12:50:08.106,EXC-210,Price outside circuit limit / price band,EXCHANGE
REJ0000209,ORD20001798,C100167,INFY,BUY,39,57776.55,2026-09-28 12:59:46.383,EXC-210,Price outside circuit limit / price band,EXCHANGE
REJ0000210,ORD20003131,C100011,TATAMOTORS,BUY,5,4870.0,2026-09-28 13:13:09.050,RMS-120,Order value exceeds per-order limit,RMS
REJ0000211,ORD20002133,C100065,HINDUNILVR,SELL,1,2623.95,2026-09-28 15:19:53.217,EXC-400,Market closed / session not open,EXCHANGE
REJ0000212,ORD20000153,C100179,ASIANPAINT,BUY,3,8377.65,2026-09-29 09:22:27.111,RMS-101,Insufficient margin / funds,RMS
REJ0000213,ORD20001621,C100154,ONGC,BUY,462,128274.3,2026-09-29 10:07:23.315,EXC-305,Invalid quantity / lot or tick size,EXCHANGE
REJ0000214,ORD20003978,C100096,MARUTI,SELL,1,12356.8,2026-09-29 11:26:49.223,RMS-101,Insufficient margin / funds,RMS
REJ0000215,ORD20000209,C100182,NTPC,SELL,258,91680.3,2026-09-29 11:53:50.202,RMS-101,Insufficient margin / funds,RMS
REJ0000216,ORD20003225,C100103,TATAMOTORS,BUY,119,115311.0,2026-09-29 11:53:50.323,RMS-130,Instrument blocked / in ban or ASM list,RMS
REJ0000217,ORD20000350,C100019,KOTAKBANK,SELL,12,21082.2,2026-09-29 13:49:34.268,RMS-101,Insufficient margin / funds,RMS
REJ0000218,ORD20004423,C100103,TCS,SELL,1,3977.5,2026-09-29 14:22:29.264,RMS-101,Insufficient margin / funds,RMS
REJ0000219,ORD20002713,C100078,INFY,BUY,19,29258.1,2026-09-29 15:18:28.153,EXC-210,Price outside circuit limit / price band,EXCHANGE
REJ0000220,ORD20003595,C100075,ICICIBANK,BUY,106,130459.5,2026-09-30 09:33:55.096,EXC-210,Price outside circuit limit / price band,EXCHANGE
REJ0000221,ORD20000930,C100150,ASIANPAINT,BUY,9,26878.05,2026-09-30 10:02:11.025,EXC-400,Market closed / session not open,EXCHANGE
REJ0000222,ORD20000993,C100153,RELIANCE,BUY,2,5498.3,2026-09-30 10:38:20.225,RMS-140,Short sell / insufficient holdings (CNC sell),RMS
REJ0000223,ORD20003980,C100138,HINDUNILVR,BUY,1,2448.65,2026-09-30 10:41:22.246,RMS-101,Insufficient margin / funds,RMS
REJ0000224,ORD20000109,C100106,TCS,SELL,5,20669.75,2026-09-30 10:46:46.100,RMS-130,Instrument blocked / in ban or ASM list,RMS
REJ0000225,ORD20003182,C100143,BHARTIARTL,BUY,20,30055.0,2026-09-30 11:37:01.119,EXC-210,Price outside circuit limit / price band,EXCHANGE
REJ0000226,ORD20004739,C100151,ICICIBANK,SELL,5,5957.75,2026-09-30 11:48:52.027,EXC-210,Price outside circuit limit / price band,EXCHANGE
REJ0000227,ORD20002545,C100054,BHARTIARTL,BUY,13,18028.4,2026-09-30 12:11:53.222,RMS-101,Insufficient margin / funds,RMS
REJ0000228,ORD20004498,C100012,HDFCBANK,BUY,24,38884.8,2026-09-30 12:17:41.378,RMS-130,Instrument blocked / in ban or ASM list,RMS
REJ0000229,ORD20000022,C100141,TATAMOTORS,BUY,70,66185.0,2026-09-30 12:43:53.262,RMS-120,Order value exceeds per-order limit,RMS
REJ0000230,ORD20000023,C100060,ICICIBANK,BUY,36,45298.8,2026-09-30 13:11:22.033,RMS-140,Short sell / insufficient holdings (CNC sell),RMS
REJ0000231,ORD20003924,C100016,ONGC,BUY,12,3217.2,2026-09-30 14:14:05.183,RMS-130,Instrument blocked / in ban or ASM list,RMS
REJ0000232,ORD20004553,C100064,ITC,SELL,13,6130.8,2026-09-30 14:42:41.367,EXC-210,Price outside circuit limit / price band,EXCHANGE
REJ0000233,ORD20003483,C100156,ICICIBANK,SELL,29,32510.45,2026-10-01 09:49:25.067,RMS-130,Instrument blocked / in ban or ASM list,RMS
REJ0000234,ORD20004681,C100085,INFY,BUY,8,12586.8,2026-10-01 10:03:51.108,RMS-101,Insufficient margin / funds,RMS
REJ0000235,ORD20000171,C100015,AXISBANK,SELL,30,35035.5,2026-10-01 10:58:49.323,EXC-400,Market closed / session not open,EXCHANGE
REJ0000236,ORD20003486,C100107,HINDUNILVR,BUY,6,14278.5,2026-10-01 11:36:53.271,RMS-101,Insufficient margin / funds,RMS
REJ0000237,ORD20004476,C100009,HINDUNILVR,BUY,5,12471.25,2026-10-01 12:00:11.073,RMS-101,Insufficient margin / funds,RMS
REJ0000238,ORD20004837,C100197,NTPC,SELL,79,28641.45,2026-10-01 12:08:38.007,EXC-400,Market closed / session not open,EXCHANGE
REJ0000239,ORD20001002,C100021,INFY,BUY,38,59318.0,2026-10-01 12:23:00.056,RMS-101,Insufficient margin / funds,RMS
REJ0000240,ORD20004415,C100170,HINDUNILVR,SELL,2,5042.3,2026-10-01 12:30:49.225,EXC-400,Market closed / session not open,EXCHANGE
REJ0000241,ORD20003111,C100040,MARUTI,SELL,5,59412.0,2026-10-01 12:51:53.130,RMS-101,Insufficient margin / funds,RMS
REJ0000242,ORD20003367,C100028,MARUTI,SELL,8,92545.2,2026-10-01 13:18:42.074,RMS-120,Order value exceeds per-order limit,RMS
REJ0000243,ORD20000913,C100110,ITC,SELL,233,105968.4,2026-10-01 13:23:04.027,RMS-120,Order value exceeds per-order limit,RMS
REJ0000244,ORD20000884,C100151,RELIANCE,SELL,52,147212.0,2026-10-01 14:02:05.040,RMS-101,Insufficient margin / funds,RMS
REJ0000245,ORD20004277,C100088,ONGC,SELL,52,13197.6,2026-10-01 14:27:09.144,RMS-130,Instrument blocked / in ban or ASM list,RMS
REJ0000246,ORD20004977,C100095,TATAMOTORS,SELL,5,4624.25,2026-10-01 14:39:22.095,RMS-101,Insufficient margin / funds,RMS
REJ0000247,ORD20000382,C100165,HINDUNILVR,BUY,6,15036.0,2026-10-01 14:44:19.304,RMS-130,Instrument blocked / in ban or ASM list,RMS
REJ0000248,ORD20002176,C100011,ONGC,SELL,95,25911.25,2026-10-01 15:16:22.302,RMS-140,Short sell / insufficient holdings (CNC sell),RMS
REJ0000249,ORD20004638,C100182,ASIANPAINT,SELL,10,29273.5,2026-10-02 09:36:28.317,EXC-305,Invalid quantity / lot or tick size,EXCHANGE
REJ0000250,ORD20001706,C100036,NTPC,SELL,180,61956.0,2026-10-02 09:54:25.286,RMS-140,Short sell / insufficient holdings (CNC sell),RMS
REJ0000251,ORD20002482,C100144,MARUTI,BUY,5,62423.75,2026-10-02 10:04:23.185,RMS-120,Order value exceeds per-order limit,RMS
REJ0000252,ORD20003511,C100078,KOTAKBANK,BUY,5,8682.25,2026-10-02 10:27:34.077,RMS-140,Short sell / insufficient holdings (CNC sell),RMS
REJ0000253,ORD20002403,C100049,BHARTIARTL,BUY,62,88365.5,2026-10-02 10:33:09.077,RMS-130,Instrument blocked / in ban or ASM list,RMS
REJ0000254,ORD20001651,C100085,ICICIBANK,BUY,66,81486.9,2026-10-02 10:53:03.251,EXC-305,Invalid quantity / lot or tick size,EXCHANGE
REJ0000255,ORD20002189,C100117,ITC,SELL,10,4493.0,2026-10-02 11:46:48.389,RMS-140,Short sell / insufficient holdings (CNC sell),RMS
REJ0000256,ORD20000437,C100199,NTPC,BUY,56,21028.0,2026-10-02 12:16:39.295,EXC-210,Price outside circuit limit / price band,EXCHANGE
REJ0000257,ORD20002573,C100057,HDFCBANK,SELL,10,17376.5,2026-10-02 12:55:42.330,EXC-210,Price outside circuit limit / price band,EXCHANGE
REJ0000258,ORD20002284,C100007,HINDUNILVR,SELL,62,144478.6,2026-10-02 13:03:37.335,RMS-130,Instrument blocked / in ban or ASM list,RMS
REJ0000259,ORD20003176,C100102,ASIANPAINT,SELL,1,2898.25,2026-10-02 13:16:56.007,EXC-305,Invalid quantity / lot or tick size,EXCHANGE
REJ0000260,ORD20004311,C100151,TATAMOTORS,BUY,37,31544.35,2026-10-02 13:38:44.364,RMS-101,Insufficient margin / funds,RMS
REJ0000261,ORD20001988,C100042,NTPC,SELL,126,46519.2,2026-10-02 14:07:38.244,RMS-101,Insufficient margin / funds,RMS
REJ0000262,ORD20001665,C100070,INFY,SELL,8,11986.8,2026-10-05 09:44:52.348,RMS-120,Order value exceeds per-order limit,RMS
REJ0000263,ORD20002013,C100017,RELIANCE,SELL,16,46372.8,2026-10-05 10:11:53.378,RMS-101,Insufficient margin / funds,RMS
REJ0000264,ORD20002126,C100040,MARUTI,BUY,5,61882.75,2026-10-05 10:39:11.056,EXC-210,Price outside circuit limit / price band,EXCHANGE
REJ0000265,ORD20004400,C100108,TITAN,BUY,13,43564.95,2026-10-05 10:48:34.372,RMS-101,Insufficient margin / funds,RMS
REJ0000266,ORD20001596,C100095,TATAMOTORS,SELL,68,65565.6,2026-10-05 10:52:08.219,RMS-101,Insufficient margin / funds,RMS
REJ0000267,ORD20004140,C100108,TATAMOTORS,SELL,25,25203.75,2026-10-05 10:53:17.162,EXC-400,Market closed / session not open,EXCHANGE
REJ0000268,ORD20003787,C100026,RELIANCE,SELL,20,59793.0,2026-10-05 11:02:31.387,RMS-101,Insufficient margin / funds,RMS
REJ0000269,ORD20002348,C100072,SBIN,BUY,50,37937.5,2026-10-05 11:10:16.246,EXC-400,Market closed / session not open,EXCHANGE
REJ0000270,ORD20004944,C100143,MARUTI,SELL,1,11745.75,2026-10-05 12:07:08.261,EXC-210,Price outside circuit limit / price band,EXCHANGE
REJ0000271,ORD20004626,C100174,ITC,SELL,75,32156.25,2026-10-05 12:08:28.248,EXC-400,Market closed / session not open,EXCHANGE
REJ0000272,ORD20000559,C100103,ONGC,BUY,53,14317.95,2026-10-05 12:16:48.254,EXC-305,Invalid quantity / lot or tick size,EXCHANGE
REJ0000273,ORD20001906,C100138,TCS,BUY,1,3898.2,2026-10-05 13:07:42.293,EXC-210,Price outside circuit limit / price band,EXCHANGE
REJ0000274,ORD20002524,C100098,ITC,BUY,11,5193.1,2026-10-05 13:10:54.144,RMS-101,Insufficient margin / funds,RMS
REJ0000275,ORD20001886,C100138,TATAMOTORS,SELL,7,6552.35,2026-10-05 13:39:48.376,EXC-400,Market closed / session not open,EXCHANGE
REJ0000276,ORD20004936,C100187,SBIN,BUY,24,18916.8,2026-10-05 13:51:49.271,EXC-305,Invalid quantity / lot or tick size,EXCHANGE
REJ0000277,ORD20001470,C100045,ICICIBANK,BUY,29,33297.8,2026-10-05 14:26:24.189,RMS-101,Insufficient margin / funds,RMS
REJ0000278,ORD20001298,C100134,MARUTI,SELL,1,12367.45,2026-10-05 14:42:14.215,RMS-140,Short sell / insufficient holdings (CNC sell),RMS
REJ0000279,ORD20002457,C100003,TCS,BUY,14,53137.7,2026-10-05 15:20:58.029,EXC-210,Price outside circuit limit / price band,EXCHANGE
