symbol,company_name,exchange,series,isin,face_value,lot_size,tick_size,instrument_token
RELIANCE,Reliance Industries Ltd,NSE,EQ,INE3SNEEV2P6,1,1,0.05,100000
TCS,Tata Consultancy Services Ltd,NSE,EQ,INE3HZRRQSH4,1,1,0.05,100001
HDFCBANK,HDFC Bank Ltd,NSE,EQ,INEUFHC6XSMD,1,1,0.05,100002
INFY,Infosys Ltd,NSE,EQ,INETJFF73JW2,5,1,0.05,100003
ICICIBANK,ICICI Bank Ltd,NSE,EQ,INEVU9M5RPC2,2,1,0.05,100004
SBIN,State Bank of India,NSE,EQ,INEZFWPSR6CF,1,1,0.05,100005
ITC,ITC Ltd,NSE,EQ,INEG1J5RPXRC,1,1,0.05,100006
LT,Larsen & Toubro Ltd,NSE,EQ,INEYDBWC2FT6,2,1,0.05,100007
BHARTIARTL,Bharti Airtel Ltd,NSE,EQ,INEF4PGB7KNX,5,1,0.05,100008
AXISBANK,Axis Bank Ltd,NSE,EQ,INEE5UMP3ASU,2,1,0.05,100009
KOTAKBANK,Kotak Mahindra Bank Ltd,NSE,EQ,INEETUDW98PM,5,1,0.05,100010
HINDUNILVR,Hindustan Unilever Ltd,NSE,EQ,INE4U6T0TSSN,1,1,0.05,100011
MARUTI,Maruti Suzuki India Ltd,NSE,EQ,INEGP9SJFHK1,5,1,0.05,100012
SUNPHARMA,Sun Pharmaceutical Industries Ltd,NSE,EQ,INE483ENNGVK,1,1,0.05,100013
TITAN,Titan Company Ltd,NSE,EQ,INE2SKMKJ3KT,1,1,0.05,100014
WIPRO,Wipro Ltd,NSE,EQ,INEAL1BEZ79D,2,1,0.05,100015
ONGC,Oil & Natural Gas Corporation Ltd,NSE,EQ,INEZV17T1V9X,5,1,0.05,100016
NTPC,NTPC Ltd,NSE,EQ,INE9EN4JHSZN,10,1,0.05,100017
TATAMOTORS,Tata Motors Ltd,NSE,EQ,INEDDETA5B03,2,1,0.05,100018
ASIANPAINT,Asian Paints Ltd,NSE,EQ,INE3SQPFQ5WH,1,1,0.05,100019
