position_date,client_id,symbol,product,buy_qty,sell_qty,buy_value,sell_value,buy_avg,sell_avg,net_qty,ltp,realised_pnl,unrealised_pnl
2026-10-05,C100000,HINDUNILVR,MIS,11,0,27283.3,0.0,2480.3,,11,2400.0,0.0,-883.3
2026-10-05,C100000,MARUTI,MIS,1,0,12850.5,0.0,12850.5,,1,12000.0,0.0,-850.5
2026-10-05,C100001,HDFCBANK,CNC,2,0,3050.65,0.0,1525.32,,2,1650.0,0.0,249.36
2026-10-05,C100002,HINDUNILVR,MIS,0,1,0.0,2540.1,,2540.1,-1,2400.0,0.0,140.1
2026-10-05,C100003,INFY,CNC,0,1,0.0,1591.25,,1591.25,-1,1600.0,0.0,-8.75
2026-10-05,C100003,NTPC,CNC,0,22,0.0,8197.2,,372.6,-22,360.0,0.0,277.2
2026-10-05,C100003,RELIANCE,CNC,0,45,0.0,134051.95,,2978.93,-45,2900.0,0.0,3551.85
2026-10-05,C100004,BHARTIARTL,MIS,0,64,0.0,90912.0,,1420.5,-64,1400.0,0.0,1312.0
2026-10-05,C100004,ONGC,MIS,10,0,2722.5,0.0,272.25,,10,270.0,0.0,-22.5
2026-10-05,C100006,TATAMOTORS,CNC,36,0,34097.4,0.0,947.15,,36,950.0,0.0,102.6
2026-10-05,C100008,ONGC,MIS,133,0,35343.8,0.0,265.74,,133,270.0,0.0,566.58
2026-10-05,C100009,ONGC,MIS,281,0,74620.6,0.0,265.55,,281,270.0,0.0,1250.45
2026-10-05,C100010,KOTAKBANK,MIS,0,4,0.0,6694.8,,1673.7,-4,1750.0,0.0,-305.2
2026-10-05,C100011,BHARTIARTL,MIS,21,0,30414.15,0.0,1448.29,,21,1400.0,0.0,-1014.09
2026-10-05,C100012,HINDUNILVR,CNC,3,0,7248.15,0.0,2416.05,,3,2400.0,0.0,-48.15
2026-10-05,C100013,NTPC,CNC,79,0,28740.2,0.0,363.8,,79,360.0,0.0,-300.2
2026-10-05,C100013,TITAN,MIS,0,1,0.0,3215.45,,3215.45,-1,3300.0,0.0,-84.55
2026-10-05,C100014,ASIANPAINT,MIS,2,0,5829.4,0.0,2914.7,,2,2900.0,0.0,-29.4
2026-10-05,C100014,AXISBANK,MIS,12,0,13481.4,0.0,1123.45,,12,1150.0,0.0,318.6
2026-10-05,C100014,KOTAKBANK,CNC,56,0,101957.3,0.0,1820.67,,56,1750.0,0.0,-3957.52
2026-10-05,C100015,ICICIBANK,CNC,0,126,0.0,148131.9,,1175.65,-126,1200.0,0.0,-3068.1
2026-10-05,C100015,INFY,CNC,0,1,0.0,1603.5,,1603.5,-1,1600.0,0.0,3.5
2026-10-05,C100015,ONGC,CNC,430,0,113778.0,0.0,264.6,,430,270.0,0.0,2322.0
2026-10-05,C100015,RELIANCE,MIS,0,3,0.0,8779.0,,2926.33,-3,2900.0,0.0,78.99
2026-10-05,C100016,ICICIBANK,MIS,23,0,26787.0,0.0,1164.65,,23,1200.0,0.0,813.05
2026-10-05,C100017,ITC,CNC,290,0,132399.5,0.0,456.55,,290,450.0,0.0,-1899.5
2026-10-05,C100017,ONGC,MIS,0,222,0.0,60950.1,,274.55,-222,270.0,0.0,1010.1
2026-10-05,C100018,INFY,MIS,0,4,0.0,6621.0,,1655.25,-4,1600.0,0.0,221.0
2026-10-05,C100020,ASIANPAINT,MIS,0,16,0.0,46983.2,,2936.45,-16,2900.0,0.0,583.2
2026-10-05,C100020,HINDUNILVR,MIS,4,0,9418.4,0.0,2354.6,,4,2400.0,0.0,181.6
2026-10-05,C100023,ONGC,CNC,202,0,53994.6,0.0,267.3,,202,270.0,0.0,545.4
2026-10-05,C100024,ITC,MIS,0,7,0.0,3185.8,,455.11,-7,450.0,0.0,35.77
2026-10-05,C100025,HDFCBANK,MIS,0,2,0.0,3417.3,,1708.65,-2,1650.0,0.0,117.3
2026-10-05,C100026,BHARTIARTL,MIS,61,0,84079.35,0.0,1378.35,,61,1400.0,0.0,1320.65
2026-10-05,C100028,NTPC,CNC,9,0,3093.75,0.0,343.75,,9,360.0,0.0,146.25
2026-10-05,C100028,RELIANCE,MIS,0,4,0.0,11417.8,,2854.45,-4,2900.0,0.0,-182.2
2026-10-05,C100029,WIPRO,MIS,191,0,93914.7,0.0,491.7,,191,480.0,0.0,-2234.7
2026-10-05,C100031,BHARTIARTL,MIS,103,0,145976.75,0.0,1417.25,,103,1400.0,0.0,-1776.75
2026-10-05,C100032,NTPC,MIS,0,41,0.0,14544.4,,354.74,-41,360.0,0.0,-215.66
2026-10-05,C100033,NTPC,MIS,82,0,31341.25,0.0,382.21,,82,360.0,0.0,-1821.22
2026-10-05,C100033,RELIANCE,CNC,1,0,2977.4,0.0,2977.4,,1,2900.0,0.0,-77.4
2026-10-05,C100036,ITC,MIS,280,0,126210.0,0.0,450.75,,280,450.0,0.0,-210.0
2026-10-05,C100036,KOTAKBANK,MIS,32,0,57104.2,0.0,1784.51,,32,1750.0,0.0,-1104.32
2026-10-05,C100037,ITC,CNC,13,0,5801.9,0.0,446.3,,13,450.0,0.0,48.1
2026-10-05,C100039,NTPC,MIS,0,127,0.0,42659.3,,335.9,-127,360.0,0.0,-3060.7
2026-10-05,C100041,RELIANCE,MIS,0,25,0.0,70305.0,,2812.2,-25,2900.0,0.0,-2195.0
2026-10-05,C100042,INFY,CNC,0,3,0.0,4576.5,,1525.5,-3,1600.0,0.0,-223.5
2026-10-05,C100042,KOTAKBANK,MIS,18,0,30779.1,0.0,1709.95,,18,1750.0,0.0,720.9
2026-10-05,C100043,BHARTIARTL,CNC,0,20,0.0,27832.85,,1391.64,-20,1400.0,0.0,-167.2
2026-10-05,C100045,HDFCBANK,MIS,12,0,21220.8,0.0,1768.4,,12,1650.0,0.0,-1420.8
2026-10-05,C100045,HINDUNILVR,CNC,8,0,19289.2,0.0,2411.15,,8,2400.0,0.0,-89.2
2026-10-05,C100045,ITC,CNC,51,0,22814.85,0.0,447.35,,51,450.0,0.0,135.15
2026-10-05,C100046,SBIN,MIS,0,24,0.0,18777.1,,782.38,-24,800.0,0.0,-422.88
2026-10-05,C100047,ONGC,MIS,160,0,44296.0,0.0,276.85,,160,270.0,0.0,-1096.0
2026-10-05,C100049,BHARTIARTL,MIS,0,14,0.0,20165.6,,1440.4,-14,1400.0,0.0,565.6
2026-10-05,C100049,HINDUNILVR,MIS,1,0,2501.1,0.0,2501.1,,1,2400.0,0.0,-101.1
2026-10-05,C100050,ASIANPAINT,MIS,0,2,0.0,5626.35,,2813.18,-2,2900.0,0.0,-173.64
2026-10-05,C100050,BHARTIARTL,CNC,6,0,8754.0,0.0,1459.0,,6,1400.0,0.0,-354.0
2026-10-05,C100051,TATAMOTORS,CNC,32,0,30446.4,0.0,951.45,,32,950.0,0.0,-46.4
2026-10-05,C100051,TITAN,MIS,0,8,0.0,27020.4,,3377.55,-8,3300.0,0.0,620.4
2026-10-05,C100054,TATAMOTORS,MIS,0,39,0.0,38270.6,,981.3,-39,950.0,0.0,1220.7
2026-10-05,C100055,ICICIBANK,MIS,0,54,0.0,63288.0,,1172.0,-54,1200.0,0.0,-1512.0
2026-10-05,C100055,INFY,MIS,36,0,56711.85,0.0,1575.33,,36,1600.0,0.0,888.12
2026-10-05,C100056,BHARTIARTL,MIS,23,0,32817.55,0.0,1426.85,,23,1400.0,0.0,-617.55
2026-10-05,C100056,MARUTI,MIS,0,1,0.0,12559.95,,12559.95,-1,12000.0,0.0,559.95
2026-10-05,C100056,ONGC,MIS,0,172,0.0,44664.95,,259.68,-172,270.0,0.0,-1775.04
2026-10-05,C100057,HDFCBANK,MIS,0,52,0.0,87223.9,,1677.38,-52,1650.0,0.0,1423.76
2026-10-05,C100057,ITC,CNC,0,231,0.0,108408.3,,469.3,-231,450.0,0.0,4458.3
2026-10-05,C100059,MARUTI,CNC,6,0,69528.3,0.0,11588.05,,6,12000.0,0.0,2471.7
2026-10-05,C100060,RELIANCE,MIS,1,0,2734.55,0.0,2734.55,,1,2900.0,0.0,165.45
2026-10-05,C100061,ICICIBANK,MIS,0,10,0.0,11966.5,,1196.65,-10,1200.0,0.0,-33.5
2026-10-05,C100061,MARUTI,CNC,0,1,0.0,12303.55,,12303.55,-1,12000.0,0.0,303.55
2026-10-05,C100062,HDFCBANK,MIS,19,0,31314.85,0.0,1648.15,,19,1650.0,0.0,35.15
2026-10-05,C100062,ICICIBANK,MIS,5,0,5896.5,0.0,1179.3,,5,1200.0,0.0,103.5
2026-10-05,C100063,ITC,MIS,0,7,0.0,3088.4,,441.2,-7,450.0,0.0,-61.6
2026-10-05,C100064,NTPC,MIS,32,0,11536.0,0.0,360.5,,32,360.0,0.0,-16.0
2026-10-05,C100065,HINDUNILVR,MIS,4,0,9665.2,0.0,2416.3,,4,2400.0,0.0,-65.2
2026-10-05,C100065,KOTAKBANK,MIS,0,6,0.0,10695.6,,1782.6,-6,1750.0,0.0,195.6
2026-10-05,C100066,TATAMOTORS,MIS,6,0,5902.8,0.0,983.8,,6,950.0,0.0,-202.8
2026-10-05,C100067,HDFCBANK,CNC,7,0,11113.9,0.0,1587.7,,7,1650.0,0.0,436.1
2026-10-05,C100067,ITC,MIS,164,0,71293.2,0.0,434.71,,164,450.0,0.0,2507.56
2026-10-05,C100069,BHARTIARTL,CNC,2,0,2721.1,0.0,1360.55,,2,1400.0,0.0,78.9
2026-10-05,C100070,BHARTIARTL,MIS,38,0,56998.1,0.0,1499.95,,38,1400.0,0.0,-3798.1
2026-10-05,C100070,HDFCBANK,MIS,15,0,23944.5,0.0,1596.3,,15,1650.0,0.0,805.5
2026-10-05,C100071,ITC,MIS,0,70,0.0,32459.0,,463.7,-70,450.0,0.0,959.0
2026-10-05,C100072,HINDUNILVR,CNC,0,53,0.0,124096.85,,2341.45,-53,2400.0,0.0,-3103.15
2026-10-05,C100073,ICICIBANK,CNC,0,7,0.0,8207.75,,1172.54,-7,1200.0,0.0,-192.22
2026-10-05,C100073,ITC,MIS,0,13,0.0,6056.05,,465.85,-13,450.0,0.0,206.05
2026-10-05,C100075,HINDUNILVR,MIS,12,0,27603.0,0.0,2300.25,,12,2400.0,0.0,1197.0
2026-10-05,C100077,HDFCBANK,CNC,0,17,0.0,26435.0,,1555.0,-17,1650.0,0.0,-1615.0
2026-10-05,C100077,HINDUNILVR,MIS,53,0,133695.15,0.0,2522.55,,53,2400.0,0.0,-6495.15
2026-10-05,C100079,KOTAKBANK,MIS,0,36,0.0,61119.0,,1697.75,-36,1750.0,0.0,-1881.0
2026-10-05,C100081,ITC,MIS,0,68,0.0,31733.25,,466.67,-68,450.0,0.0,1133.56
2026-10-05,C100082,ASIANPAINT,CNC,1,0,3003.55,0.0,3003.55,,1,2900.0,0.0,-103.55
2026-10-05,C100082,TITAN,CNC,1,0,3333.9,0.0,3333.9,,1,3300.0,0.0,-33.9
2026-10-05,C100084,ITC,MIS,0,99,0.0,44500.5,,449.5,-99,450.0,0.0,-49.5
2026-10-05,C100084,ONGC,CNC,0,114,0.0,30540.6,,267.9,-114,270.0,0.0,-239.4
2026-10-05,C100088,BHARTIARTL,MIS,3,0,3980.8,0.0,1326.93,,3,1400.0,0.0,219.21
2026-10-05,C100088,INFY,CNC,0,8,0.0,12482.15,,1560.27,-8,1600.0,0.0,-317.84
2026-10-05,C100089,TATAMOTORS,MIS,70,0,68568.5,0.0,979.55,,70,950.0,0.0,-2068.5
2026-10-05,C100090,INFY,CNC,2,0,3242.2,0.0,1621.1,,2,1600.0,0.0,-42.2
2026-10-05,C100091,AXISBANK,MIS,0,30,0.0,33692.55,,1123.08,-30,1150.0,0.0,-807.6
2026-10-05,C100091,HINDUNILVR,MIS,6,0,14314.2,0.0,2385.7,,6,2400.0,0.0,85.8
2026-10-05,C100091,ITC,MIS,298,0,129808.8,0.0,435.6,,298,450.0,0.0,4291.2
2026-10-05,C100093,AXISBANK,MIS,5,0,5877.0,0.0,1175.4,,5,1150.0,0.0,-127.0
2026-10-05,C100093,BHARTIARTL,MIS,0,2,0.0,2775.7,,1387.85,-2,1400.0,0.0,-24.3
2026-10-05,C100093,NTPC,CNC,20,0,7138.0,0.0,356.9,,20,360.0,0.0,62.0
2026-10-05,C100094,INFY,MIS,0,11,0.0,17777.1,,1616.1,-11,1600.0,0.0,177.1
2026-10-05,C100095,ITC,CNC,80,0,37220.0,0.0,465.25,,80,450.0,0.0,-1220.0
2026-10-05,C100095,SBIN,MIS,85,0,66909.75,0.0,787.17,,85,800.0,0.0,1090.55
2026-10-05,C100095,TCS,MIS,0,3,0.0,11721.75,,3907.25,-3,3900.0,0.0,21.75
2026-10-05,C100097,INFY,MIS,0,11,0.0,17797.55,,1617.96,-11,1600.0,0.0,197.56
2026-10-05,C100097,MARUTI,CNC,0,1,0.0,11584.4,,11584.4,-1,12000.0,0.0,-415.6
2026-10-05,C100098,ICICIBANK,CNC,0,32,0.0,36816.0,,1150.5,-32,1200.0,0.0,-1584.0
2026-10-05,C100099,HDFCBANK,CNC,27,56,42604.65,94780.0,1577.95,1692.5,-29,1650.0,3092.85,1232.5
2026-10-05,C100099,KOTAKBANK,CNC,7,0,12217.45,0.0,1745.35,,7,1750.0,0.0,32.55
2026-10-05,C100099,RELIANCE,MIS,15,0,44753.25,0.0,2983.55,,15,2900.0,0.0,-1253.25
2026-10-05,C100100,ICICIBANK,MIS,0,2,0.0,2478.2,,1239.1,-2,1200.0,0.0,78.2
2026-10-05,C100100,ITC,MIS,16,0,7036.8,0.0,439.8,,16,450.0,0.0,163.2
2026-10-05,C100104,ONGC,MIS,96,0,24851.35,0.0,258.87,,96,270.0,0.0,1068.48
2026-10-05,C100104,SBIN,CNC,0,37,0.0,28911.8,,781.4,-37,800.0,0.0,-688.2
2026-10-05,C100105,ITC,CNC,26,0,12118.6,0.0,466.1,,26,450.0,0.0,-418.6
2026-10-05,C100105,TATAMOTORS,MIS,25,0,23280.5,0.0,931.22,,25,950.0,0.0,469.5
2026-10-05,C100106,ITC,MIS,296,0,134949.95,0.0,455.91,,296,450.0,0.0,-1749.36
2026-10-05,C100107,HINDUNILVR,MIS,1,0,2429.1,0.0,2429.1,,1,2400.0,0.0,-29.1
2026-10-05,C100108,SBIN,CNC,0,15,0.0,12188.25,,812.55,-15,800.0,0.0,188.25
2026-10-05,C100108,TATAMOTORS,CNC,0,15,0.0,14080.2,,938.68,-15,950.0,0.0,-169.8
2026-10-05,C100109,INFY,MIS,6,0,9900.6,0.0,1650.1,,6,1600.0,0.0,-300.6
2026-10-05,C100110,HINDUNILVR,MIS,3,0,7456.95,0.0,2485.65,,3,2400.0,0.0,-256.95
2026-10-05,C100111,NTPC,MIS,0,23,0.0,7928.1,,344.7,-23,360.0,0.0,-351.9
2026-10-05,C100113,HDFCBANK,MIS,0,15,0.0,24486.4,,1632.43,-15,1650.0,0.0,-263.55
2026-10-05,C100113,ITC,CNC,0,15,0.0,6410.25,,427.35,-15,450.0,0.0,-339.75
2026-10-05,C100113,KOTAKBANK,MIS,27,0,46612.8,0.0,1726.4,,27,1750.0,0.0,637.2
2026-10-05,C100114,ICICIBANK,CNC,2,0,2340.1,0.0,1170.05,,2,1200.0,0.0,59.9
2026-10-05,C100114,RELIANCE,CNC,0,35,0.0,106421.0,,3040.6,-35,2900.0,0.0,4921.0
2026-10-05,C100115,SBIN,MIS,15,0,12369.75,0.0,824.65,,15,800.0,0.0,-369.75
2026-10-05,C100118,KOTAKBANK,CNC,1,0,1736.0,0.0,1736.0,,1,1750.0,0.0,14.0
2026-10-05,C100120,NTPC,MIS,0,162,0.0,56894.4,,351.2,-162,360.0,0.0,-1425.6
2026-10-05,C100121,HINDUNILVR,MIS,3,6,6958.4,14250.0,2319.47,2375.0,-3,2400.0,166.59,-75.0
2026-10-05,C100121,RELIANCE,MIS,34,0,99558.8,0.0,2928.2,,34,2900.0,0.0,-958.8
2026-10-05,C100122,BHARTIARTL,CNC,0,39,0.0,55576.95,,1425.05,-39,1400.0,0.0,976.95
2026-10-05,C100122,KOTAKBANK,MIS,64,0,116646.4,0.0,1822.6,,64,1750.0,0.0,-4646.4
2026-10-05,C100126,HINDUNILVR,CNC,0,1,0.0,2423.45,,2423.45,-1,2400.0,0.0,23.45
2026-10-05,C100126,ITC,CNC,7,0,3263.75,0.0,466.25,,7,450.0,0.0,-113.75
2026-10-05,C100128,NTPC,CNC,83,0,29946.4,0.0,360.8,,83,360.0,0.0,-66.4
2026-10-05,C100128,NTPC,MIS,7,0,2514.75,0.0,359.25,,7,360.0,0.0,5.25
2026-10-05,C100129,RELIANCE,CNC,0,2,0.0,5841.1,,2920.55,-2,2900.0,0.0,41.1
2026-10-05,C100129,TATAMOTORS,CNC,0,9,0.0,8529.3,,947.7,-9,950.0,0.0,-20.7
2026-10-05,C100130,ITC,MIS,81,0,35722.75,0.0,441.02,,81,450.0,0.0,727.38
2026-10-05,C100131,TATAMOTORS,MIS,44,0,41019.0,0.0,932.25,,44,950.0,0.0,781.0
2026-10-05,C100132,BHARTIARTL,CNC,0,38,0.0,52133.75,,1371.94,-38,1400.0,0.0,-1066.28
2026-10-05,C100133,NTPC,MIS,87,0,30893.7,0.0,355.1,,87,360.0,0.0,426.3
2026-10-05,C100135,BHARTIARTL,CNC,0,18,0.0,25814.0,,1434.11,-18,1400.0,0.0,613.98
2026-10-05,C100135,ONGC,MIS,0,505,0.0,146626.75,,290.35,-505,270.0,0.0,10276.75
2026-10-05,C100138,INFY,MIS,4,0,6425.2,0.0,1606.3,,4,1600.0,0.0,-25.2
2026-10-05,C100138,KOTAKBANK,CNC,0,43,0.0,74690.95,,1737.0,-43,1750.0,0.0,-559.0
2026-10-05,C100139,ICICIBANK,MIS,29,0,32770.0,0.0,1130.0,,29,1200.0,0.0,2030.0
2026-10-05,C100139,TATAMOTORS,MIS,0,6,0.0,5485.5,,914.25,-6,950.0,0.0,-214.5
2026-10-05,C100140,HINDUNILVR,CNC,8,0,19766.8,0.0,2470.85,,8,2400.0,0.0,-566.8
2026-10-05,C100141,ONGC,MIS,213,0,57806.85,0.0,271.39,,213,270.0,0.0,-296.07
2026-10-05,C100141,SUNPHARMA,CNC,5,0,8246.5,0.0,1649.3,,5,1700.0,0.0,253.5
2026-10-05,C100142,SBIN,MIS,153,0,121497.3,0.0,794.1,,153,800.0,0.0,902.7
2026-10-05,C100143,HINDUNILVR,CNC,28,0,65770.0,0.0,2348.93,,28,2400.0,0.0,1429.96
2026-10-05,C100145,HDFCBANK,CNC,8,0,13022.4,0.0,1627.8,,8,1650.0,0.0,177.6
2026-10-05,C100146,ASIANPAINT,MIS,1,0,2906.05,0.0,2906.05,,1,2900.0,0.0,-6.05
2026-10-05,C100147,BHARTIARTL,MIS,7,0,9771.4,0.0,1395.91,,7,1400.0,0.0,28.63
2026-10-05,C100147,MARUTI,CNC,6,0,70534.3,0.0,11755.72,,6,12000.0,0.0,1465.68
2026-10-05,C100147,SBIN,MIS,101,0,84133.0,0.0,833.0,,101,800.0,0.0,-3333.0
2026-10-05,C100148,HINDUNILVR,CNC,0,11,0.0,26810.85,,2437.35,-11,2400.0,0.0,410.85
2026-10-05,C100148,TCS,CNC,0,12,0.0,46918.8,,3909.9,-12,3900.0,0.0,118.8
2026-10-05,C100149,INFY,MIS,18,0,27424.8,0.0,1523.6,,18,1600.0,0.0,1375.2
2026-10-05,C100149,ITC,MIS,0,29,0.0,13306.3,,458.84,-29,450.0,0.0,256.36
2026-10-05,C100150,MARUTI,MIS,2,0,24741.6,0.0,12370.8,,2,12000.0,0.0,-741.6
2026-10-05,C100152,ICICIBANK,CNC,56,0,68597.2,0.0,1224.95,,56,1200.0,0.0,-1397.2
2026-10-05,C100152,ONGC,CNC,0,102,0.0,27902.1,,273.55,-102,270.0,0.0,362.1
2026-10-05,C100153,MARUTI,MIS,0,3,0.0,37192.2,,12397.4,-3,12000.0,0.0,1192.2
2026-10-05,C100154,ITC,CNC,40,0,17404.0,0.0,435.1,,40,450.0,0.0,596.0
2026-10-05,C100154,RELIANCE,MIS,2,0,5463.9,0.0,2731.95,,2,2900.0,0.0,336.1
2026-10-05,C100157,ITC,CNC,9,0,3905.1,0.0,433.9,,9,450.0,0.0,144.9
2026-10-05,C100159,TATAMOTORS,CNC,16,0,16157.6,0.0,1009.85,,16,950.0,0.0,-957.6
2026-10-05,C100160,ICICIBANK,MIS,0,4,0.0,5167.0,,1291.75,-4,1200.0,0.0,367.0
2026-10-05,C100160,ONGC,CNC,22,0,5968.8,0.0,271.31,,22,270.0,0.0,-28.82
2026-10-05,C100161,HINDUNILVR,MIS,11,18,26425.3,41763.6,2402.3,2320.2,-7,2400.0,-903.1,-558.6
2026-10-05,C100163,ONGC,MIS,0,22,0.0,6111.6,,277.8,-22,270.0,0.0,171.6
2026-10-05,C100166,ICICIBANK,CNC,5,0,5883.0,0.0,1176.6,,5,1200.0,0.0,117.0
2026-10-05,C100167,RELIANCE,CNC,0,1,0.0,2902.35,,2902.35,-1,2900.0,0.0,2.35
2026-10-05,C100168,NTPC,MIS,266,0,94390.1,0.0,354.85,,266,360.0,0.0,1369.9
2026-10-05,C100171,ITC,CNC,14,0,6502.3,0.0,464.45,,14,450.0,0.0,-202.3
2026-10-05,C100171,ITC,MIS,146,0,66381.0,0.0,454.66,,146,450.0,0.0,-680.36
2026-10-05,C100171,MARUTI,CNC,1,0,11109.3,0.0,11109.3,,1,12000.0,0.0,890.7
2026-10-05,C100171,WIPRO,MIS,156,0,74466.6,0.0,477.35,,156,480.0,0.0,413.4
2026-10-05,C100172,TATAMOTORS,CNC,6,0,5865.75,0.0,977.62,,6,950.0,0.0,-165.72
2026-10-05,C100172,TCS,CNC,4,0,16522.6,0.0,4130.65,,4,3900.0,0.0,-922.6
2026-10-05,C100173,HINDUNILVR,CNC,0,30,0.0,69535.5,,2317.85,-30,2400.0,0.0,-2464.5
2026-10-05,C100176,RELIANCE,MIS,16,0,47265.6,0.0,2954.1,,16,2900.0,0.0,-865.6
2026-10-05,C100177,ITC,CNC,24,0,11205.6,0.0,466.9,,24,450.0,0.0,-405.6
2026-10-05,C100177,KOTAKBANK,CNC,0,14,0.0,26389.3,,1884.95,-14,1750.0,0.0,1889.3
2026-10-05,C100179,ASIANPAINT,CNC,8,0,22905.6,0.0,2863.2,,8,2900.0,0.0,294.4
2026-10-05,C100179,RELIANCE,MIS,30,0,85930.0,0.0,2864.33,,30,2900.0,0.0,1070.1
2026-10-05,C100180,TCS,MIS,8,0,31499.2,0.0,3937.4,,8,3900.0,0.0,-299.2
2026-10-05,C100182,RELIANCE,CNC,12,0,36642.6,0.0,3053.55,,12,2900.0,0.0,-1842.6
2026-10-05,C100183,NTPC,MIS,0,132,0.0,45982.2,,348.35,-132,360.0,0.0,-1537.8
2026-10-05,C100183,TATAMOTORS,CNC,0,6,0.0,5630.1,,938.35,-6,950.0,0.0,-69.9
2026-10-05,C100183,TCS,CNC,0,2,0.0,8235.5,,4117.75,-2,3900.0,0.0,435.5
2026-10-05,C100185,INFY,MIS,0,16,0.0,25819.2,,1613.7,-16,1600.0,0.0,219.2
2026-10-05,C100185,ITC,MIS,19,0,8794.15,0.0,462.85,,19,450.0,0.0,-244.15
2026-10-05,C100186,RELIANCE,MIS,30,0,88488.0,0.0,2949.6,,30,2900.0,0.0,-1488.0
2026-10-05,C100189,AXISBANK,MIS,5,0,5544.4,0.0,1108.88,,5,1150.0,0.0,205.6
2026-10-05,C100189,ITC,MIS,0,56,0.0,25040.4,,447.15,-56,450.0,0.0,-159.6
2026-10-05,C100191,BHARTIARTL,MIS,0,80,0.0,112992.0,,1412.4,-80,1400.0,0.0,992.0
2026-10-05,C100193,HINDUNILVR,CNC,2,0,4699.0,0.0,2349.5,,2,2400.0,0.0,101.0
2026-10-05,C100194,INFY,MIS,18,0,28144.35,0.0,1563.57,,18,1600.0,0.0,655.74
2026-10-05,C100194,RELIANCE,MIS,0,2,0.0,5833.4,,2916.7,-2,2900.0,0.0,33.4
2026-10-05,C100196,NTPC,CNC,15,0,5237.25,0.0,349.15,,15,360.0,0.0,162.75
2026-10-05,C100197,SBIN,MIS,79,0,65281.65,0.0,826.35,,79,800.0,0.0,-2081.65
